subdivision_code,file_name,file_size_kb,file_extension,dimensions,aspect_ratio,flag_type,quality
AD-02,AD-02.svg,34.159,SVG,"(525, 750)",1.43,,100
AD-03,AD-03.svg,17.998,SVG,"(525, 750)",1.43,,76
AD-04,AD-04.svg,510.271,SVG,"(1600, 2286)",1.43,,100
AD-05,AD-05.svg,55.562,SVG,"(525, 750)",1.43,,100
AD-06,AD-06.svg,17.103,SVG,"(525, 750)",1.43,,100
AD-07,AD-07.svg,5.97,SVG,"(500, 750)",1.5,,22
AD-08,AD-08.svg,59.866,SVG,"(525, 750)",1.43,,100
AE-AJ,AE-AJ.svg,0.339,SVG,"(500, 1000)",2.0,,4
AE-AZ,AE-AZ.svg,0.33,SVG,"(300, 600)",2.0,,4
AE-DU,AE-DU.svg,0.171,SVG,"(200, 400)",2.0,,4
AE-FU,AE-FU.svg,0.315,SVG,"(600, 1200)",2.0,,8
AE-RK,AE-RK.png,0.836,PNG,"(960, 1920)",2.0,,1.75
AE-SH,AE-SH.svg,0.2,SVG,"(400, 800)",2.0,,2
AE-UQ,AE-UQ.svg,0.751,SVG,"(450, 900)",2.0,,10
AF-KAB,AF-KAB.svg,12.616,SVG,"(267, 400)",1.5,,4
AF-NIM,AF-NIM.png,3.58,PNG,"(216, 360)",1.67,,3.01
AF-PAN,AF-PAN.svg,0.633,SVG,"(427, 800)",1.87,,14
AG-10,AG-10.svg,6.571,SVG,"(293, 488)",1.67,,18
AL-01,AL-01.svg,12.333,SVG,"(500, 700)",1.4,,66
AL-02,AL-02.svg,12.965,SVG,"(500, 700)",1.4,,16
AL-03,AL-03.svg,11.843,SVG,"(500, 700)",1.4,,16
AL-04,AL-04.png,116.99,PNG,"(1232, 1712)",1.39,,3.21
AL-05,AL-05.png,34.537,PNG,"(360, 504)",1.4,,31.7
AL-06,AL-06.svg,25.027,SVG,"(500, 700)",1.4,,36
AL-07,AL-07.svg,5.897,SVG,"(500, 700)",1.4,,6
AL-08,AL-08.png,33.853,PNG,"(216, 302)",1.4,,36.22
AL-09,AL-09.png,89.249,PNG,"(472, 770)",1.63,,22.13
AL-10,AL-10.png,144.634,PNG,"(715, 1000)",1.4,,4.19
AL-11,AL-11.svg,7.354,SVG,"(500, 700)",1.4,,44
AL-12,AL-12.svg,29.82,SVG,"(500, 700)",1.4,,26
AM-ER,AM-ER.svg,25.091,SVG,"(750, 1500)",2.0,,100
AR-A,AR-A.svg,6.597,SVG,"(400, 564)",1.41,,42
AR-B,AR-B.svg,13.271,SVG,"(900, 1400)",1.56,,48
AR-C,AR-C.svg,294.551,SVG,"(450, 700)",1.56,,100
AR-D,AR-D.svg,115.621,SVG,"(400, 600)",1.5,,100
AR-E,AR-E.svg,0.762,SVG,"(450, 900)",2.0,,6
AR-F,AR-F.svg,4.586,SVG,"(450, 700)",1.56,,94
AR-G,AR-G.svg,12.682,SVG,"(200, 500)",2.5,,10
AR-H,AR-H.svg,24.572,SVG,"(485, 728)",1.5,,86
AR-J,AR-J.svg,46.05,SVG,"(900, 1400)",1.56,,100
AR-K,AR-K.svg,18.135,SVG,"(746, 1366)",1.83,,42
AR-L,AR-L.svg,541.713,SVG,"(900, 1400)",1.56,,100
AR-M,AR-M.svg,301.425,SVG,"(720, 610)",0.85,,100
AR-N,AR-N.svg,0.426,SVG,"(600, 900)",1.5,,6
AR-P,AR-P.svg,6.66,SVG,"(300, 550)",1.83,,8
AR-Q,AR-Q.svg,21.401,SVG,"(530, 664)",1.25,,82
AR-R,AR-R.svg,0.813,SVG,"(600, 900)",1.5,,10
AR-S,AR-S.svg,40.89,SVG,"(450, 900)",2.0,,100
AR-T,AR-T.svg,1.122,SVG,"(400, 600)",1.5,,4
AR-U,AR-U.svg,2.889,SVG,"(600, 1200)",2.0,,54
AR-V,AR-V.svg,1.634,SVG,"(216, 320)",1.48,,16
AR-W,AR-W.svg,52.811,SVG,"(600, 900)",1.5,,100
AR-X,AR-X.svg,5.704,SVG,"(600, 900)",1.5,,8
AR-Y,AR-Y.svg,47.509,SVG,"(6236, 5518)",0.88,,100
AR-Z,AR-Z.svg,28.405,SVG,"(504, 765)",1.52,,62
AT-1,AT-1.svg,353.321,SVG,"(400, 600)",1.5,,100
AT-2,AT-2.svg,40.976,SVG,"(600, 900)",1.5,,100
AT-3,AT-3.svg,39.347,SVG,"(400, 600)",1.5,,42
AT-4,AT-4.svg,42.4,SVG,"(400, 600)",1.5,,100
AT-5,AT-5.svg,51.488,SVG,"(600, 900)",1.5,,96
AT-6,AT-6.svg,88.822,SVG,"(600, 900)",1.5,,100
AT-7,AT-7.svg,21.323,SVG,"(400, 600)",1.5,,88
AT-8,AT-8.svg,6.417,SVG,"(400, 600)",1.5,,36
AT-9,AT-9.svg,2.885,SVG,"(600, 900)",1.5,,14
AU-ACT,AU-ACT.svg,27.591,SVG,"(600, 1200)",2.0,,100
AU-NSW,AU-NSW.svg,55.425,SVG,"(600, 1200)",2.0,,100
AU-NT,AU-NT.svg,1.959,SVG,"(600, 1200)",2.0,,16
AU-QLD,AU-QLD.svg,50.68,SVG,"(600, 1200)",2.0,,100
AU-SA,AU-SA.svg,12.215,SVG,"(600, 1200)",2.0,,26
AU-TAS,AU-TAS.svg,24.076,SVG,"(600, 1200)",2.0,,100
AU-VIC,AU-VIC.svg,50.0,SVG,"(600, 1200)",2.0,,100
AU-WA,AU-WA.svg,59.944,SVG,"(600, 1200)",2.0,,100
AZ-BA,AZ-BA.svg,357.745,SVG,"(519, 1040)",2.0,,52
AZ-NX,AZ-NX.svg,0.574,SVG,"(600, 1200)",2.0,,12
AZ-SM,AZ-SM.png,63.206,PNG,"(667, 1000)",1.5,,7.1
AZ-YE,AZ-YE.jpg,204.932,JPG,"(780, 1000)",1.28,,11.41
BA-BRC,BA-BRC.svg,0.5,SVG,"(400, 800)",2.0,,6
BA-SRP,BA-SRP.svg,0.197,SVG,"(600, 1200)",2.0,,6
BE-BRU,BE-BRU.svg,1.971,SVG,"(600, 900)",1.5,,8
BE-VAN,BE-VAN.svg,0.397,SVG,"(400, 600)",1.5,,10
BE-VBR,BE-VBR.svg,24.111,SVG,"(333, 500)",1.5,,60
BE-VLG,BE-VLG.svg,14.88,SVG,"(561, 842)",1.5,,4
BE-VLI,BE-VLI.svg,16.106,SVG,"(1787, 2681)",1.5,,6
BE-VOV,BE-VOV.svg,27.095,SVG,"(333, 546)",1.64,,66
BE-VWV,BE-VWV.svg,0.439,SVG,"(216, 324)",1.5,,10
BE-WAL,BE-WAL.svg,25.811,SVG,"(533, 800)",1.5,,58
BE-WBR,BE-WBR.svg,30.302,SVG,"(532, 601)",1.13,,100
BE-WHT,BE-WHT.svg,71.621,SVG,"(600, 600)",1.0,,100
BE-WLG,BE-WLG.svg,46.554,SVG,"(300, 450)",1.5,,100
BE-WLX,BE-WLX.svg,51.753,SVG,"(655, 1075)",1.64,,62
BE-WNA,BE-WNA.svg,0.347,SVG,"(200, 300)",1.5,,4
BH-13,BH-13.svg,196.884,SVG,"(480, 640)",1.33,,100
BH-14,BH-14.svg,64.644,SVG,"(480, 640)",1.33,,100
BH-15,BH-15.svg,57.96,SVG,"(480, 640)",1.33,,100
BH-17,BH-17.svg,86.041,SVG,"(480, 640)",1.33,,100
BO-B,BO-B.svg,1.122,SVG,"(785, 1152)",1.47,,18
BO-C,BO-C.svg,0.264,SVG,"(750, 1100)",1.47,,2
BO-H,BO-H.svg,74.891,SVG,"(600, 900)",1.5,,100
BO-L,BO-L.svg,0.605,SVG,"(226, 330)",1.46,,4
BO-N,BO-N.svg,0.293,SVG,"(750, 1100)",1.47,,4
BO-O,BO-O.svg,0.26,SVG,"(750, 1100)",1.47,,2
BO-P,BO-P.svg,0.191,SVG,"(300, 440)",1.47,,4
BO-S,BO-S.svg,0.192,SVG,"(750, 1100)",1.47,,4
BO-T,BO-T.svg,0.217,SVG,"(750, 1100)",1.47,,4
BQ-BO,BQ-BO.svg,0.504,SVG,"(600, 900)",1.5,,14
BQ-SA,BQ-SA.svg,0.593,SVG,"(500, 750)",1.5,,8
BQ-SE,BQ-SE.svg,1.342,SVG,"(600, 900)",1.5,,18
BR-AC,BR-AC.svg,0.25,SVG,"(350, 500)",1.43,,6
BR-AL,BR-AL.svg,146.609,SVG,"(400, 600)",1.5,,100
BR-AM,BR-AM.svg,1.009,SVG,"(500, 700)",1.4,,8
BR-AP,BR-AP.svg,2.188,SVG,"(700, 1000)",1.43,,18
BR-BA,BR-BA.svg,0.349,SVG,"(1000, 1500)",1.5,,8
BR-CE,BR-CE.svg,17.21,SVG,"(504, 720)",1.43,,100
BR-DF,BR-DF.svg,0.683,SVG,"(1050, 1500)",1.43,,8
BR-ES,BR-ES.svg,6.656,SVG,"(1400, 2)",0.0,,8
BR-GO,BR-GO.svg,1.785,SVG,"(1050, 1500)",1.43,,12
BR-MA,BR-MA.svg,1.173,SVG,"(900, 1350)",1.5,,16
BR-MG,BR-MG.svg,10.805,SVG,"(420, 600)",1.43,,10
BR-MS,BR-MS.svg,0.837,SVG,"(700, 1000)",1.43,,8
BR-MT,BR-MT.svg,0.729,SVG,"(1400, 2000)",1.43,,8
BR-PA,BR-PA.svg,1.606,SVG,"(600, 900)",1.5,,8
BR-PB,BR-PB.svg,1.196,SVG,"(1400, 2000)",1.43,,6
BR-PE,BR-PE.svg,1.62,SVG,"(360, 540)",1.5,,16
BR-PI,BR-PI.svg,1.327,SVG,"(1300, 1950)",1.5,,8
BR-PR,BR-PR.svg,43.356,SVG,"(463, 662)",1.43,,18
BR-RJ,BR-RJ.svg,343.475,SVG,"(700, 1000)",1.43,,100
BR-RN,BR-RN.svg,78.884,SVG,"(600, 900)",1.5,,100
BR-RO,BR-RO.svg,0.775,SVG,"(1400, 2000)",1.43,,8
BR-RR,BR-RR.svg,0.755,SVG,"(1400, 2)",0.0,,10
BR-RS,BR-RS.svg,202.354,SVG,"(700, 1)",0.0,,100
BR-SC,BR-SC.svg,74.029,SVG,"(608, 836)",1.38,,100
BR-SE,BR-SE.svg,1.293,SVG,"(700, 1000)",1.43,,8
BR-SP,BR-SP.svg,8.632,SVG,"(520, 780)",1.5,,14
BR-TO,BR-TO.svg,0.493,SVG,"(14, 20)",1.43,,8
BW-FR,BW-FR.png,61.119,PNG,"(360, 540)",1.5,,42.62
BW-GA,BW-GA.svg,47.294,SVG,"(600, 900)",1.5,,100
BW-JW,BW-JW.png,78.471,PNG,"(360, 540)",1.5,,75.37
BW-LO,BW-LO.png,38.893,PNG,"(360, 540)",1.5,,29.56
BW-SP,BW-SP.png,55.815,PNG,"(360, 540)",1.5,,98.21
BW-ST,BW-ST.png,57.374,PNG,"(360, 540)",1.5,,43.1
BY-BR,BY-BR.svg,30.34,SVG,"(250, 500)",2.0,,80
BY-HM,BY-HM.svg,224.914,SVG,"(1200, 1800)",1.5,,100
BY-HO,BY-HO.svg,228.592,SVG,"(400, 800)",2.0,,100
BY-HR,BY-HR.svg,31.578,SVG,"(300, 600)",2.0,,92
BY-MA,BY-MA.svg,199.633,SVG,"(502, 1004)",2.0,,100
BY-MI,BY-MI.svg,204.359,SVG,"(300, 600)",2.0,,100
BY-VI,BY-VI.svg,163.635,SVG,"(400, 800)",2.0,,100
CA-AB,CA-AB.svg,33.337,SVG,"(500, 1000)",2.0,,100
CA-BC,CA-BC.svg,16.55,SVG,"(600, 1000)",1.67,,30
CA-MB,CA-MB.svg,52.471,SVG,"(500, 1000)",2.0,,100
CA-NB,CA-NB.svg,64.159,SVG,"(1200, 1920)",1.6,,100
CA-NL,CA-NL.svg,0.537,SVG,"(600, 1200)",2.0,,8
CA-NS,CA-NS.svg,10.042,SVG,"(600, 1200)",2.0,,20
CA-NT,CA-NT.svg,4.834,SVG,"(600, 1200)",2.0,,30
CA-NU,CA-NU.svg,1.022,SVG,"(675, 1200)",1.78,,8
CA-ON,CA-ON.svg,4.141,SVG,"(1200, 2400)",2.0,,40
CA-PE,CA-PE.svg,595.708,SVG,"(1200, 1800)",1.5,,100
CA-QC,CA-QC.svg,0.879,SVG,"(800, 1200)",1.5,,4
CA-SK,CA-SK.svg,39.187,SVG,"(496, 992)",2.0,,100
CA-YT,CA-YT.svg,59.197,SVG,"(1400, 2800)",2.0,,100
CD-KN,CD-KN.svg,7.72,SVG,"(216, 324)",1.5,,54
CD-SA,CD-SA.svg,43.973,SVG,"(533, 596)",1.12,,100
CG-16,CG-16.svg,3.991,SVG,"(768, 1152)",1.5,,28
CH-AG,CH-AG.svg,3.674,SVG,"(500, 500)",1.0,,16
CH-AI,CH-AI.svg,14.57,SVG,"(470, 470)",1.0,,78
CH-AR,CH-AR.svg,16.543,SVG,"(494, 408)",0.83,,88
CH-BE,CH-BE.svg,15.036,SVG,"(470, 470)",1.0,,24
CH-BL,CH-BL.svg,4.892,SVG,"(650, 650)",1.0,,10
CH-BS,CH-BS.svg,2.391,SVG,"(470, 470)",1.0,,12
CH-FR,CH-FR.svg,0.202,SVG,"(600, 600)",1.0,,4
CH-GE,CH-GE.svg,72.646,SVG,"(470, 470)",1.0,,100
CH-GL,CH-GL.svg,8.574,SVG,"(470, 470)",1.0,,66
CH-GR,CH-GR.svg,37.866,SVG,"(500, 500)",1.0,,88
CH-JU,CH-JU.svg,3.239,SVG,"(350, 350)",1.0,,36
CH-LU,CH-LU.svg,0.205,SVG,"(600, 600)",1.0,,4
CH-NE,CH-NE.svg,0.328,SVG,"(540, 540)",1.0,,8
CH-NW,CH-NW.svg,20.945,SVG,"(468, 468)",1.0,,34
CH-OW,CH-OW.svg,11.899,SVG,"(500, 500)",1.0,,72
CH-SG,CH-SG.svg,1.202,SVG,"(420, 420)",1.0,,10
CH-SH,CH-SH.svg,17.29,SVG,"(470, 470)",1.0,,68
CH-SO,CH-SO.svg,0.171,SVG,"(470, 470)",1.0,,4
CH-SZ,CH-SZ.svg,0.389,SVG,"(475, 473)",1.0,,4
CH-TG,CH-TG.svg,35.247,SVG,"(470, 470)",1.0,,72
CH-TI,CH-TI.svg,0.19,SVG,"(470, 470)",1.0,,4
CH-UR,CH-UR.svg,13.04,SVG,"(471, 470)",1.0,,52
CH-VD,CH-VD.svg,19.814,SVG,"(472, 470)",1.0,,64
CH-VS,CH-VS.svg,6.473,SVG,"(472, 471)",1.0,,68
CH-ZG,CH-ZG.svg,0.195,SVG,"(600, 600)",1.0,,4
CH-ZH,CH-ZH.svg,0.167,SVG,"(474, 474)",1.0,,4
CI-AB,CI-AB.png,198.416,PNG,"(853, 1280)",1.5,,8.6
CL-AI,CL-AI.svg,34.922,SVG,"(400, 600)",1.5,,100
CL-AN,CL-AN.svg,98.609,SVG,"(600, 900)",1.5,,100
CL-AP,CL-AP.svg,32.818,SVG,"(600, 900)",1.5,,30
CL-AR,CL-AR.svg,391.244,SVG,"(756, 1136)",1.5,,100
CL-AT,CL-AT.svg,1.321,SVG,"(496, 744)",1.5,,8
CL-BI,CL-BI.svg,161.204,SVG,"(400, 600)",1.5,,100
CL-CO,CL-CO.svg,20.572,SVG,"(600, 900)",1.5,,80
CL-LI,CL-LI.svg,49.381,SVG,"(400, 600)",1.5,,46
CL-LL,CL-LL.svg,0.522,SVG,"(600, 900)",1.5,,6
CL-LR,CL-LR.svg,31.229,SVG,"(600, 900)",1.5,,12
CL-MA,CL-MA.svg,1.607,SVG,"(600, 900)",1.5,,8
CL-ML,CL-ML.svg,25.555,SVG,"(600, 900)",1.5,,92
CL-NB,CL-NB.svg,59.408,SVG,"(400, 600)",1.5,,100
CL-RM,CL-RM.svg,39.691,SVG,"(600, 900)",1.5,,74
CL-TA,CL-TA.svg,114.734,SVG,"(400, 600)",1.5,,100
CL-VS,CL-VS.svg,91.302,SVG,"(600, 900)",1.5,,100
CN-HK,CN-HK.svg,0.825,SVG,"(600, 900)",1.5,,6
CN-MO,CN-MO.svg,2.31,SVG,"(600, 900)",1.5,,48
CO-AMA,CO-AMA.svg,5.711,SVG,"(500, 808)",1.62,,24
CO-ANT,CO-ANT.svg,0.79,SVG,"(600, 900)",1.5,,4
CO-ARA,CO-ARA.svg,0.214,SVG,"(600, 800)",1.33,,4
CO-ATL,CO-ATL.svg,0.211,SVG,"(300, 500)",1.67,,4
CO-BOL,CO-BOL.svg,0.273,SVG,"(480, 720)",1.5,,6
CO-BOY,CO-BOY.svg,18.093,SVG,"(500, 750)",1.5,,36
CO-CAL,CO-CAL.svg,0.216,SVG,"(700, 1000)",1.43,,4
CO-CAQ,CO-CAQ.svg,1.131,SVG,"(504, 756)",1.5,,12
CO-CAS,CO-CAS.svg,0.611,SVG,"(480, 720)",1.5,,6
CO-CAU,CO-CAU.svg,0.224,SVG,"(480, 720)",1.5,,4
CO-CES,CO-CES.svg,0.221,SVG,"(480, 720)",1.5,,4
CO-CHO,CO-CHO.svg,0.273,SVG,"(480, 720)",1.5,,6
CO-COR,CO-COR.svg,0.271,SVG,"(480, 720)",1.5,,6
CO-CUN,CO-CUN.svg,93.742,SVG,"(500, 750)",1.5,,100
CO-DC,CO-DC.svg,4.68,SVG,"(500, 750)",1.5,,14
CO-GUA,CO-GUA.svg,0.256,SVG,"(480, 720)",1.5,,6
CO-GUV,CO-GUV.svg,183.478,SVG,"(500, 750)",1.5,,100
CO-HUI,CO-HUI.svg,0.721,SVG,"(480, 720)",1.5,,6
CO-LAG,CO-LAG.svg,0.221,SVG,"(480, 720)",1.5,,4
CO-MAG,CO-MAG.svg,1.081,SVG,"(216, 324)",1.5,,10
CO-MET,CO-MET.svg,0.484,SVG,"(1700, 2550)",1.5,,4
CO-NAR,CO-NAR.svg,0.202,SVG,"(500, 750)",1.5,,4
CO-NSA,CO-NSA.svg,0.868,SVG,"(480, 720)",1.5,,6
CO-PUT,CO-PUT.svg,0.256,SVG,"(480, 720)",1.5,,6
CO-QUI,CO-QUI.svg,0.271,SVG,"(480, 720)",1.5,,6
CO-RIS,CO-RIS.svg,2.272,SVG,"(500, 750)",1.5,,4
CO-SAN,CO-SAN.svg,3.4,SVG,"(1800, 2700)",1.5,,22
CO-SAP,CO-SAP.svg,0.229,SVG,"(500, 750)",1.5,,4
CO-SUC,CO-SUC.svg,151.33,SVG,"(500, 750)",1.5,,100
CO-TOL,CO-TOL.svg,0.222,SVG,"(480, 720)",1.5,,4
CO-VAC,CO-VAC.svg,0.282,SVG,"(480, 720)",1.5,,6
CO-VAU,CO-VAU.svg,0.661,SVG,"(500, 750)",1.5,,6
CO-VID,CO-VID.svg,0.222,SVG,"(480, 720)",1.5,,4
CR-A,CR-A.svg,103.819,SVG,"(500, 750)",1.5,,100
CR-C,CR-C.svg,0.216,SVG,"(500, 750)",1.5,,4
CR-G,CR-G.svg,0.296,SVG,"(500, 750)",1.5,,8
CR-H,CR-H.svg,941.265,SVG,"(250, 450)",1.8,,100
CR-L,CR-L.svg,0.271,SVG,"(288, 432)",1.5,,6
CR-P,CR-P.svg,0.547,SVG,"(603, 959)",1.59,,10
CR-SJ,CR-SJ.svg,4.138,SVG,"(500, 750)",1.5,,8
CU-06,CU-06.svg,236.507,SVG,"(232, 465)",2.0,,100
CU-11,CU-11.svg,28.832,SVG,"(900, 1500)",1.67,,50
CU-14,CU-14.svg,135.462,SVG,"(629, 1053)",1.67,,100
CV-BR,CV-BR.png,12.956,PNG,"(216, 324)",1.5,,16.65
CV-BV,CV-BV.jpg,27.968,JPG,"(216, 362)",1.68,,9.78
CV-CA,CV-CA.png,5.06,PNG,"(216, 324)",1.5,,32.38
CV-CF,CV-CF.jpg,23.902,JPG,"(216, 337)",1.56,,14.37
CV-CR,CV-CR.png,13.049,PNG,"(216, 360)",1.67,,23.57
CV-MA,CV-MA.png,20.921,PNG,"(216, 329)",1.52,,40.18
CV-MO,CV-MO.svg,21.957,SVG,"(1058, 1587)",1.5,,100
CV-PA,CV-PA.png,7.329,PNG,"(216, 324)",1.5,,8.34
CV-PN,CV-PN.png,6.094,PNG,"(216, 324)",1.5,,50.91
CV-PR,CV-PR.svg,43.75,SVG,"(216, 324)",1.5,,100
CV-RB,CV-RB.png,180.482,PNG,"(613, 1000)",1.63,,2.0
CV-RG,CV-RG.png,2.375,PNG,"(108, 162)",1.5,,82.64
CV-RS,CV-RS.png,19.692,PNG,"(216, 432)",2.0,,8.35
CV-SD,CV-SD.png,228.785,PNG,"(589, 1000)",1.7,,26.11
CV-SF,CV-SF.png,7.685,PNG,"(216, 324)",1.5,,52.2
CV-SL,CV-SL.png,9.175,PNG,"(216, 324)",1.5,,41.2
CV-SM,CV-SM.svg,13.368,SVG,"(1058, 1489)",1.41,,100
CV-SO,CV-SO.png,135.953,PNG,"(601, 1000)",1.66,,6.66
CV-SS,CV-SS.png,63.593,PNG,"(244, 407)",1.67,,44.01
CV-SV,CV-SV.png,6.688,PNG,"(216, 324)",1.5,,65.76
CV-TA,CV-TA.png,7.929,PNG,"(216, 346)",1.6,,40.14
CV-TS,CV-TS.png,9.956,PNG,"(216, 300)",1.39,,100
CZ-10,CZ-10.svg,0.167,SVG,"(600, 900)",1.5,,4
CZ-20,CZ-20.svg,112.48,SVG,"(1200, 1800)",1.5,,100
CZ-31,CZ-31.svg,112.739,SVG,"(1200, 1800)",1.5,,100
CZ-32,CZ-32.svg,101.639,SVG,"(1200, 1800)",1.5,,100
CZ-41,CZ-41.svg,90.123,SVG,"(378, 567)",1.5,,100
CZ-42,CZ-42.svg,272.098,SVG,"(1200, 1800)",1.5,,100
CZ-51,CZ-51.svg,180.935,SVG,"(1200, 1800)",1.5,,100
CZ-52,CZ-52.svg,180.363,SVG,"(1200, 1800)",1.5,,100
CZ-53,CZ-53.svg,288.939,SVG,"(600, 900)",1.5,,38
CZ-63,CZ-63.svg,149.133,SVG,"(1860, 2790)",1.5,,100
CZ-64,CZ-64.svg,71.522,SVG,"(1200, 1800)",1.5,,100
CZ-71,CZ-71.svg,38.761,SVG,"(1200, 1800)",1.5,,100
CZ-72,CZ-72.svg,50.389,SVG,"(1200, 1800)",1.5,,100
CZ-80,CZ-80.svg,141.764,SVG,"(600, 900)",1.5,,100
DE-BB,DE-BB.svg,38.537,SVG,"(600, 1)",0.0,,30
DE-BE,DE-BE.svg,3.096,SVG,"(600, 1)",0.0,,8
DE-BW,DE-BW.svg,0.175,SVG,"(600, 1000)",1.67,,2
DE-BY,DE-BY.svg,0.695,SVG,"(600, 1000)",1.67,,4
DE-HB,DE-HB.svg,0.229,SVG,"(400, 600)",1.5,,4
DE-HE,DE-HE.svg,0.462,SVG,"(600, 1000)",1.67,,4
DE-HH,DE-HH.svg,1.861,SVG,"(400, 600)",1.5,,34
DE-MV,DE-MV.svg,0.272,SVG,"(600, 1000)",1.67,,8
DE-NI,DE-NI.svg,45.812,SVG,"(600, 900)",1.5,,100
DE-NW,DE-NW.svg,0.29,SVG,"(480, 800)",1.67,,6
DE-RP,DE-RP.svg,83.977,SVG,"(600, 900)",1.5,,100
DE-SH,DE-SH.svg,0.354,SVG,"(600, 1000)",1.67,,6
DE-SL,DE-SL.svg,181.08,SVG,"(300, 500)",1.67,,100
DE-SN,DE-SN.svg,0.199,SVG,"(300, 500)",1.67,,4
DE-ST,DE-ST.svg,57.993,SVG,"(600, 1000)",1.67,,100
DE-TH,DE-TH.svg,0.47,SVG,"(250, 500)",2.0,,4
DJ-DJ,DJ-DJ.png,90.545,PNG,"(617, 507)",0.82,,24.79
DK-81,DK-81.svg,15.505,SVG,"(711, 1067)",1.5,,56
DK-82,DK-82.svg,18.072,SVG,"(711, 1067)",1.5,,68
DK-83,DK-83.svg,17.93,SVG,"(711, 1067)",1.5,,54
DK-84,DK-84.svg,14.042,SVG,"(400, 600)",1.5,,50
DK-85,DK-85.svg,3.369,SVG,"(711, 1067)",1.5,,4
DO-01,DO-01.png,338.408,PNG,"(1000, 1500)",1.5,,1.61
DO-02,DO-02.png,3.713,PNG,"(216, 324)",1.5,,17.17
DO-05,DO-05.png,201.672,PNG,"(1000, 1500)",1.5,,8.04
DO-09,DO-09.png,1512.167,PNG,"(3750, 5625)",1.5,,0.15
DO-10,DO-10.png,1.459,PNG,"(174, 289)",1.66,,2.05
DO-12,DO-12.png,4.081,PNG,"(216, 324)",1.5,,34.56
DO-13,DO-13.png,721.178,PNG,"(4167, 6250)",1.5,,0.08
DO-15,DO-15.png,346.185,PNG,"(756, 1200)",1.59,,2.68
DO-18,DO-18.svg,30.992,SVG,"(411, 700)",1.7,,100
DO-20,DO-20.png,1883.479,PNG,"(4167, 6251)",1.5,,1.17
DO-23,DO-23.svg,2.004,SVG,"(646, 1076)",1.67,,6
DO-24,DO-24.png,4010.949,PNG,"(3750, 5625)",1.5,,3.62
DO-25,DO-25.png,1704.403,PNG,"(4167, 6250)",1.5,,1.0
DO-28,DO-28.svg,0.886,SVG,"(600, 1000)",1.67,,6
DO-31,DO-31.png,454.088,PNG,"(1000, 1500)",1.5,,0.59
DO-32,DO-32.png,105.529,PNG,"(712, 1280)",1.8,,2.04
EC-A,EC-A.svg,0.167,SVG,"(200, 300)",1.5,,4
EC-B,EC-B.svg,0.554,SVG,"(500, 750)",1.5,,4
EC-C,EC-C.svg,0.645,SVG,"(500, 750)",1.5,,6
EC-D,EC-D.svg,2.697,SVG,"(500, 750)",1.5,,16
EC-E,EC-E.svg,0.517,SVG,"(500, 750)",1.5,,4
EC-F,EC-F.svg,0.645,SVG,"(500, 750)",1.5,,6
EC-G,EC-G.svg,2.084,SVG,"(500, 750)",1.5,,14
EC-H,EC-H.svg,348.01,SVG,"(500, 750)",1.5,,100
EC-I,EC-I.svg,0.729,SVG,"(500, 750)",1.5,,8
EC-L,EC-L.svg,10.503,SVG,"(500, 750)",1.5,,38
EC-M,EC-M.svg,23.497,SVG,"(500, 750)",1.5,,52
EC-N,EC-N.svg,1.458,SVG,"(500, 750)",1.5,,8
EC-O,EC-O.svg,1.894,SVG,"(500, 750)",1.5,,4
EC-P,EC-P.svg,4906.007,SVG,"(500, 750)",1.5,,4
EC-R,EC-R.svg,0.177,SVG,"(500, 750)",1.5,,4
EC-S,EC-S.svg,1.694,SVG,"(600, 900)",1.5,,4
EC-SD,EC-SD.svg,37.05,SVG,"(500, 750)",1.5,,100
EC-SE,EC-SE.svg,186.449,SVG,"(500, 750)",1.5,,6
EC-T,EC-T.svg,1.204,SVG,"(500, 750)",1.5,,4
EC-U,EC-U.svg,0.859,SVG,"(500, 750)",1.5,,6
EC-W,EC-W.svg,1.72,SVG,"(600, 900)",1.5,,6
EC-X,EC-X.svg,0.506,SVG,"(500, 750)",1.5,,4
EC-Y,EC-Y.svg,0.874,SVG,"(500, 750)",1.5,,6
EC-Z,EC-Z.svg,0.214,SVG,"(500, 750)",1.5,,6
EE-130,EE-130.svg,3.186,SVG,"(664, 1040)",1.57,,6
EE-141,EE-141.svg,28.509,SVG,"(740, 1140)",1.54,,100
EE-142,EE-142.svg,4.288,SVG,"(650, 1035)",1.59,,6
EE-171,EE-171.svg,44.848,SVG,"(1068, 1678)",1.57,,100
EE-184,EE-184.svg,0.691,SVG,"(300, 600)",2.0,,8
EE-191,EE-191.svg,0.84,SVG,"(450, 600)",1.33,,14
EE-198,EE-198.svg,3.197,SVG,"(300, 471)",1.57,,16
EE-205,EE-205.png,13.201,PNG,"(362, 570)",1.57,,5.85
EE-214,EE-214.svg,0.913,SVG,"(500, 500)",1.0,,10
EE-245,EE-245.svg,21.066,SVG,"(505, 810)",1.6,,100
EE-247,EE-247.svg,7.747,SVG,"(414, 650)",1.57,,6
EE-251,EE-251.svg,0.319,SVG,"(300, 600)",2.0,,6
EE-255,EE-255.svg,14.589,SVG,"(1018, 1600)",1.57,,18
EE-272,EE-272.svg,0.676,SVG,"(300, 471)",1.57,,6
EE-283,EE-283.svg,32.34,SVG,"(500, 750)",1.5,,4
EE-284,EE-284.svg,3.824,SVG,"(254, 400)",1.57,,4
EE-291,EE-291.svg,9.523,SVG,"(878, 1382)",1.57,,32
EE-293,EE-293.svg,8.484,SVG,"(539, 847)",1.57,,8
EE-296,EE-296.svg,0.238,SVG,"(500, 1000)",2.0,,4
EE-303,EE-303.svg,0.284,SVG,"(200, 200)",1.0,,4
EE-305,EE-305.svg,0.415,SVG,"(700, 1100)",1.57,,6
EE-317,EE-317.svg,10.848,SVG,"(540, 850)",1.57,,28
EE-321,EE-321.svg,2.885,SVG,"(382, 600)",1.57,,4
EE-338,EE-338.svg,32.775,SVG,"(510, 510)",1.0,,100
EE-353,EE-353.svg,1.198,SVG,"(319, 500)",1.57,,22
EE-37,EE-37.svg,3.204,SVG,"(300, 471)",1.57,,10
EE-39,EE-39.svg,9.424,SVG,"(300, 471)",1.57,,22
EE-424,EE-424.svg,17.996,SVG,"(420, 600)",1.43,,40
EE-430,EE-430.svg,7.55,SVG,"(540, 720)",1.33,,16
EE-431,EE-431.svg,3.49,SVG,"(764, 1203)",1.57,,6
EE-432,EE-432.svg,14.262,SVG,"(540, 720)",1.33,,38
EE-441,EE-441.png,11.214,PNG,"(397, 625)",1.57,,5.79
EE-442,EE-442.svg,9.446,SVG,"(599, 940)",1.57,,28
EE-446,EE-446.svg,0.577,SVG,"(300, 471)",1.57,,6
EE-45,EE-45.svg,47.884,SVG,"(300, 471)",1.57,,24
EE-478,EE-478.svg,1.623,SVG,"(500, 500)",1.0,,16
EE-480,EE-480.svg,6.887,SVG,"(375, 590)",1.57,,12
EE-486,EE-486.png,47.224,PNG,"(699, 1000)",1.43,,9.57
EE-50,EE-50.svg,47.543,SVG,"(300, 471)",1.57,,70
EE-503,EE-503.svg,3.612,SVG,"(500, 500)",1.0,,20
EE-511,EE-511.svg,0.236,SVG,"(700, 1100)",1.57,,4
EE-514,EE-514.svg,1.167,SVG,"(400, 600)",1.5,,10
EE-52,EE-52.svg,9.673,SVG,"(300, 471)",1.57,,36
EE-528,EE-528.svg,10.534,SVG,"(540, 820)",1.52,,40
EE-557,EE-557.svg,13.006,SVG,"(490, 770)",1.57,,10
EE-56,EE-56.svg,31.525,SVG,"(300, 471)",1.57,,60
EE-567,EE-567.svg,0.769,SVG,"(300, 600)",2.0,,8
EE-586,EE-586.svg,3.766,SVG,"(1057, 1667)",1.58,,22
EE-60,EE-60.svg,47.888,SVG,"(300, 471)",1.57,,24
EE-615,EE-615.svg,0.425,SVG,"(600, 900)",1.5,,6
EE-618,EE-618.svg,24.582,SVG,"(536, 846)",1.58,,68
EE-622,EE-622.svg,29.478,SVG,"(535, 844)",1.58,,62
EE-624,EE-624.svg,0.554,SVG,"(300, 540)",1.8,,6
EE-638,EE-638.svg,17.799,SVG,"(540, 860)",1.59,,60
EE-64,EE-64.svg,8.811,SVG,"(300, 471)",1.57,,18
EE-651,EE-651.svg,3.426,SVG,"(500, 500)",1.0,,6
EE-653,EE-653.svg,25.813,SVG,"(530, 830)",1.57,,84
EE-661,EE-661.svg,27.021,SVG,"(540, 820)",1.52,,80
EE-663,EE-663.svg,0.593,SVG,"(300, 471)",1.57,,6
EE-668,EE-668.svg,1.245,SVG,"(645, 1000)",1.55,,16
EE-68,EE-68.svg,45.146,SVG,"(300, 471)",1.57,,68
EE-689,EE-689.svg,1.683,SVG,"(380, 600)",1.58,,6
EE-698,EE-698.svg,5.352,SVG,"(1119, 1117)",1.0,,12
EE-708,EE-708.svg,33.602,SVG,"(570, 854)",1.5,,100
EE-71,EE-71.svg,2.011,SVG,"(300, 471)",1.57,,16
EE-712,EE-712.svg,23.567,SVG,"(540, 540)",1.0,,76
EE-714,EE-714.svg,5.553,SVG,"(372, 585)",1.57,,8
EE-719,EE-719.svg,8.346,SVG,"(500, 500)",1.0,,30
EE-726,EE-726.svg,34.798,SVG,"(540, 540)",1.0,,32
EE-732,EE-732.svg,3.058,SVG,"(750, 1350)",1.8,,26
EE-735,EE-735.svg,0.451,SVG,"(700, 1100)",1.57,,4
EE-74,EE-74.svg,30.437,SVG,"(300, 471)",1.57,,44
EE-784,EE-784.svg,0.292,SVG,"(600, 1200)",2.0,,4
EE-79,EE-79.svg,36.419,SVG,"(300, 471)",1.57,,40
EE-792,EE-792.png,11.83,PNG,"(300, 471)",1.57,,16.51
EE-793,EE-793.svg,64.473,SVG,"(252, 500)",1.98,,100
EE-796,EE-796.svg,1.313,SVG,"(400, 600)",1.5,,10
EE-803,EE-803.svg,1.243,SVG,"(400, 600)",1.5,,10
EE-809,EE-809.svg,10.393,SVG,"(350, 350)",1.0,,38
EE-81,EE-81.svg,4.801,SVG,"(300, 471)",1.57,,18
EE-824,EE-824.svg,105.617,SVG,"(627, 989)",1.58,,100
EE-834,EE-834.svg,29.038,SVG,"(540, 690)",1.28,,100
EE-84,EE-84.svg,29.041,SVG,"(300, 471)",1.57,,100
EE-855,EE-855.svg,37.781,SVG,"(550, 870)",1.58,,100
EE-87,EE-87.svg,7.039,SVG,"(300, 471)",1.57,,22
EE-890,EE-890.svg,31.075,SVG,"(550, 880)",1.6,,100
EE-897,EE-897.svg,0.55,SVG,"(300, 600)",2.0,,4
EE-899,EE-899.png,30.276,PNG,"(659, 988)",1.5,,5.45
EE-901,EE-901.svg,0.304,SVG,"(130, 195)",1.5,,4
EE-903,EE-903.svg,1.847,SVG,"(500, 500)",1.0,,16
EE-907,EE-907.svg,2.165,SVG,"(191, 300)",1.57,,4
EE-917,EE-917.svg,6.558,SVG,"(470, 737)",1.57,,12
EE-919,EE-919.svg,0.592,SVG,"(300, 471)",1.57,,6
EE-928,EE-928.svg,3.065,SVG,"(381, 595)",1.56,,10
EG-ALX,EG-ALX.svg,12.789,SVG,"(711, 1067)",1.5,,46
EG-ASN,EG-ASN.svg,34.91,SVG,"(289, 433)",1.5,,84
EG-AST,EG-AST.png,96.111,PNG,"(720, 1080)",1.5,,12.75
EG-BA,EG-BA.png,5.677,PNG,"(217, 327)",1.51,,6.87
EG-BH,EG-BH.svg,2.683,SVG,"(510, 810)",1.59,,18
EG-BNS,EG-BNS.svg,13.928,SVG,"(336, 491)",1.46,,100
EG-C,EG-C.png,314.66,PNG,"(1860, 3000)",1.61,,0.47
EG-DK,EG-DK.svg,250.698,SVG,"(1000, 1500)",1.5,,100
EG-DT,EG-DT.svg,0.337,SVG,"(400, 600)",1.5,,10
EG-FYM,EG-FYM.png,7.444,PNG,"(217, 326)",1.5,,24.99
EG-GH,EG-GH.png,17.005,PNG,"(217, 326)",1.5,,3.14
EG-GZ,EG-GZ.png,119.485,PNG,"(853, 1280)",1.5,,3.41
EG-IS,EG-IS.png,205.459,PNG,"(666, 1000)",1.5,,4.13
EG-JS,EG-JS.svg,42.371,SVG,"(393, 648)",1.65,,100
EG-KB,EG-KB.png,7.325,PNG,"(217, 326)",1.5,,13.54
EG-KFS,EG-KFS.svg,7.222,SVG,"(270, 404)",1.5,,74
EG-KN,EG-KN.png,279.149,PNG,"(946, 1526)",1.61,,1.21
EG-LX,EG-LX.png,16.277,PNG,"(300, 399)",1.33,,100
EG-MN,EG-MN.jpg,22.749,JPG,"(450, 720)",1.6,,7.72
EG-MNF,EG-MNF.png,8.976,PNG,"(217, 326)",1.5,,18.28
EG-MT,EG-MT.png,138.869,PNG,"(629, 1000)",1.59,,8.57
EG-PTS,EG-PTS.svg,24.615,SVG,"(300, 461)",1.54,,42
EG-SHG,EG-SHG.png,5.271,PNG,"(217, 326)",1.5,,21.71
EG-SHR,EG-SHR.svg,4.773,SVG,"(490, 808)",1.65,,4
EG-SIN,EG-SIN.svg,12.335,SVG,"(296, 446)",1.51,,68
EG-SUZ,EG-SUZ.svg,0.786,SVG,"(400, 600)",1.5,,12
EG-WAD,EG-WAD.png,375.171,PNG,"(946, 1526)",1.61,,4.17
ES-A,ES-A.svg,626.722,SVG,"(450, 675)",1.5,,100
ES-AB,ES-AB.svg,159.741,SVG,"(500, 750)",1.5,,100
ES-AL,ES-AL.svg,598.667,SVG,"(500, 750)",1.5,,100
ES-AN,ES-AN.svg,146.905,SVG,"(500, 750)",1.5,,100
ES-AR,ES-AR.svg,139.466,SVG,"(667, 1)",0.0,,100
ES-AS,ES-AS.svg,4.112,SVG,"(600, 900)",1.5,,12
ES-AV,ES-AV.svg,836.81,SVG,"(500, 750)",1.5,,100
ES-B,ES-B.svg,0.626,SVG,"(600, 900)",1.5,,8
ES-BA,ES-BA.svg,53.251,SVG,"(500, 750)",1.5,,100
ES-BI,ES-BI.svg,227.12,SVG,"(500, 750)",1.5,,100
ES-BU,ES-BU.svg,258.106,SVG,"(500, 750)",1.5,,100
ES-CA,ES-CA.svg,2187.736,SVG,"(500, 750)",1.5,,100
ES-CB,ES-CB.svg,134.056,SVG,"(500, 750)",1.5,,100
ES-CC,ES-CC.svg,91.575,SVG,"(552, 920)",1.67,,100
ES-CE,ES-CE.svg,50.254,SVG,"(500, 750)",1.5,,100
ES-CL,ES-CL.svg,23.646,SVG,"(500, 650)",1.3,,100
ES-CM,ES-CM.svg,28.679,SVG,"(500, 750)",1.5,,100
ES-CN,ES-CN.svg,106.991,SVG,"(400, 600)",1.5,,100
ES-CO,ES-CO.svg,204.52,SVG,"(500, 750)",1.5,,100
ES-CR,ES-CR.svg,719.237,SVG,"(300, 450)",1.5,,100
ES-CS,ES-CS.svg,128.221,SVG,"(500, 750)",1.5,,100
ES-CT,ES-CT.svg,0.236,SVG,"(540, 810)",1.5,,4
ES-CU,ES-CU.svg,196.846,SVG,"(500, 750)",1.5,,100
ES-EX,ES-EX.svg,76.724,SVG,"(500, 750)",1.5,,100
ES-GA,ES-GA.svg,48.599,SVG,"(400, 600)",1.5,,100
ES-GC,ES-GC.svg,96.97,SVG,"(1600, 2400)",1.5,,100
ES-GI,ES-GI.svg,299.828,SVG,"(500, 750)",1.5,,100
ES-GR,ES-GR.svg,131.478,SVG,"(500, 750)",1.5,,100
ES-GU,ES-GU.svg,820.153,SVG,"(500, 750)",1.5,,100
ES-H,ES-H.svg,797.745,SVG,"(500, 750)",1.5,,100
ES-HU,ES-HU.svg,392.5,SVG,"(500, 750)",1.5,,100
ES-IB,ES-IB.svg,6.116,SVG,"(720, 1080)",1.5,,100
ES-J,ES-J.svg,588.568,SVG,"(500, 750)",1.5,,100
ES-L,ES-L.svg,4.328,SVG,"(450, 675)",1.5,,12
ES-LE,ES-LE.svg,78.85,SVG,"(500, 750)",1.5,,100
ES-LO,ES-LO.svg,133.207,SVG,"(500, 750)",1.5,,100
ES-LU,ES-LU.svg,126.858,SVG,"(500, 750)",1.5,,100
ES-M,ES-M.svg,0.677,SVG,"(700, 1100)",1.57,,4
ES-MA,ES-MA.svg,1182.21,SVG,"(500, 750)",1.5,,100
ES-MC,ES-MC.svg,3.593,SVG,"(500, 750)",1.5,,20
ES-MD,ES-MD.svg,0.677,SVG,"(700, 1100)",1.57,,4
ES-ML,ES-ML.svg,171.406,SVG,"(500, 750)",1.5,,100
ES-MU,ES-MU.svg,3.593,SVG,"(500, 750)",1.5,,20
ES-NA,ES-NA.svg,141.186,SVG,"(500, 750)",1.5,,100
ES-NC,ES-NC.svg,141.186,SVG,"(500, 750)",1.5,,100
ES-O,ES-O.svg,4.112,SVG,"(600, 900)",1.5,,12
ES-OR,ES-OR.svg,194.381,SVG,"(500, 750)",1.5,,100
ES-P,ES-P.svg,2909.4,SVG,"(500, 750)",1.5,,30
ES-PM,ES-PM.svg,6.116,SVG,"(720, 1080)",1.5,,100
ES-PO,ES-PO.svg,94.497,SVG,"(298, 448)",1.5,,100
ES-PV,ES-PV.svg,0.313,SVG,"(560, 1000)",1.79,,6
ES-RI,ES-RI.svg,133.207,SVG,"(500, 750)",1.5,,100
ES-S,ES-S.svg,134.056,SVG,"(500, 750)",1.5,,100
ES-SA,ES-SA.svg,290.625,SVG,"(500, 750)",1.5,,100
ES-SE,ES-SE.svg,929.715,SVG,"(500, 750)",1.5,,100
ES-SG,ES-SG.svg,307.88,SVG,"(500, 651)",1.3,,100
ES-SO,ES-SO.svg,415.92,SVG,"(500, 750)",1.5,,100
ES-SS,ES-SS.svg,171.166,SVG,"(500, 750)",1.5,,100
ES-T,ES-T.svg,111.752,SVG,"(500, 750)",1.5,,100
ES-TE,ES-TE.svg,157.529,SVG,"(500, 750)",1.5,,100
ES-TF,ES-TF.svg,358.419,SVG,"(500, 750)",1.5,,100
ES-TO,ES-TO.svg,452.036,SVG,"(532, 850)",1.6,,100
ES-V,ES-V.svg,20.256,SVG,"(847, 1276)",1.51,,100
ES-VA,ES-VA.svg,312.953,SVG,"(500, 750)",1.5,,100
ES-VC,ES-VC.svg,20.256,SVG,"(847, 1276)",1.51,,100
ES-VI,ES-VI.svg,89.105,SVG,"(500, 750)",1.5,,100
ES-Z,ES-Z.svg,143.324,SVG,"(531, 797)",1.5,,100
ES-ZA,ES-ZA.svg,0.725,SVG,"(900, 1350)",1.5,,18
ET-AA,ET-AA.svg,55.168,SVG,"(423, 636)",1.5,,100
ET-AF,ET-AF.svg,3.125,SVG,"(453, 700)",1.55,,14
ET-AM,ET-AM.svg,0.412,SVG,"(600, 1200)",2.0,,6
ET-BE,ET-BE.svg,0.295,SVG,"(450, 900)",2.0,,8
ET-DD,ET-DD.png,22.824,PNG,"(480, 720)",1.5,,31.82
ET-GA,ET-GA.svg,0.919,SVG,"(700, 1200)",1.71,,10
ET-HA,ET-HA.svg,27.546,SVG,"(600, 1200)",2.0,,100
ET-OR,ET-OR.svg,15.913,SVG,"(600, 1200)",2.0,,14
ET-SI,ET-SI.svg,3.589,SVG,"(600, 1200)",2.0,,18
ET-SN,ET-SN.svg,2.218,SVG,"(600, 1200)",2.0,,30
ET-SO,ET-SO.svg,0.819,SVG,"(720, 1200)",1.67,,10
ET-SW,ET-SW.svg,0.741,SVG,"(600, 1200)",2.0,,12
ET-TI,ET-TI.svg,0.646,SVG,"(682, 1200)",1.76,,6
FI-01,FI-01.svg,0.543,SVG,"(480, 640)",1.33,,12
FI-02,FI-02.png,17.062,PNG,"(225, 225)",1.0,,44.22
FI-03,FI-03.svg,10.489,SVG,"(500, 750)",1.5,,14
FI-04,FI-04.svg,9.395,SVG,"(500, 780)",1.56,,16
FI-05,FI-05.svg,6.774,SVG,"(420, 630)",1.5,,14
FI-06,FI-06.svg,28.204,SVG,"(500, 750)",1.5,,100
FI-07,FI-07.svg,30.95,SVG,"(700, 1000)",1.43,,100
FI-08,FI-08.svg,31.261,SVG,"(400, 400)",1.0,,36
FI-09,FI-09.png,34.52,PNG,"(224, 224)",1.0,,100
FI-10,FI-10.png,5.854,PNG,"(216, 216)",1.0,,77.39
FI-11,FI-11.svg,3.235,SVG,"(240, 360)",1.5,,4
FI-12,FI-12.png,18.988,PNG,"(225, 225)",1.0,,29.27
FI-13,FI-13.svg,19.605,SVG,"(600, 840)",1.4,,62
FI-14,FI-14.png,4.294,PNG,"(216, 216)",1.0,,100
FI-15,FI-15.svg,21.229,SVG,"(520, 780)",1.5,,46
FI-16,FI-16.svg,152.145,SVG,"(570, 428)",0.75,,100
FI-17,FI-17.svg,15.376,SVG,"(391, 630)",1.61,,36
FI-18,FI-18.svg,10.356,SVG,"(520, 780)",1.5,,16
FI-19,FI-19.png,5.749,PNG,"(216, 216)",1.0,,33.51
FM-KSA,FM-KSA.svg,4.393,SVG,"(370, 700)",1.89,,60
FM-PNI,FM-PNI.svg,6.323,SVG,"(300, 570)",1.9,,36
FM-TRK,FM-TRK.svg,2.643,SVG,"(256, 512)",2.0,,6
FM-YAP,FM-YAP.svg,1.121,SVG,"(370, 700)",1.89,,10
FR-01,FR-01.svg,294.308,SVG,"(450, 750)",1.67,,100
FR-02,FR-02.svg,19.428,SVG,"(797, 1203)",1.51,,18
FR-03,FR-03.svg,2.309,SVG,"(800, 1200)",1.5,,8
FR-04,FR-04.svg,6.893,SVG,"(797, 1204)",1.51,,18
FR-05,FR-05.svg,59.925,SVG,"(797, 1203)",1.51,,100
FR-06,FR-06.svg,21.709,SVG,"(432, 682)",1.58,,100
FR-07,FR-07.svg,15.887,SVG,"(800, 1200)",1.5,,26
FR-08,FR-08.svg,646.961,SVG,"(797, 1203)",1.51,,0
FR-09,FR-09.svg,18.197,SVG,"(797, 1203)",1.51,,36
FR-10,FR-10.svg,16.668,SVG,"(797, 1203)",1.51,,10
FR-11,FR-11.svg,26.55,SVG,"(797, 1203)",1.51,,34
FR-12,FR-12.svg,46.309,SVG,"(400, 600)",1.5,,64
FR-13,FR-13.svg,7.415,SVG,"(797, 1204)",1.51,,18
FR-14,FR-14.svg,43.16,SVG,"(600, 900)",1.5,,100
FR-15,FR-15.svg,8.801,SVG,"(300, 500)",1.67,,66
FR-16,FR-16.svg,27.053,SVG,"(600, 900)",1.5,,80
FR-17,FR-17.svg,18.896,SVG,"(1600, 2400)",1.5,,56
FR-18,FR-18.svg,2.579,SVG,"(800, 1200)",1.5,,10
FR-19,FR-19.svg,49.104,SVG,"(600, 900)",1.5,,100
FR-20R,FR-20R.svg,29.292,SVG,"(450, 750)",1.67,,82
FR-21,FR-21.svg,2.9,SVG,"(800, 1200)",1.5,,24
FR-22,FR-22.svg,1.739,SVG,"(600, 900)",1.5,,12
FR-23,FR-23.svg,81.712,SVG,"(797, 1203)",1.51,,100
FR-24,FR-24.svg,11.535,SVG,"(800, 1200)",1.5,,54
FR-25,FR-25.svg,22.766,SVG,"(600, 900)",1.5,,28
FR-26,FR-26.svg,38.179,SVG,"(600, 900)",1.5,,48
FR-27,FR-27.svg,39.48,SVG,"(600, 1000)",1.67,,100
FR-28,FR-28.svg,25.64,SVG,"(600, 900)",1.5,,78
FR-29,FR-29.svg,31.377,SVG,"(600, 900)",1.5,,100
FR-2A,FR-2A.svg,29.292,SVG,"(450, 750)",1.67,,82
FR-2B,FR-2B.svg,29.292,SVG,"(450, 750)",1.67,,82
FR-30,FR-30.svg,15.358,SVG,"(797, 1203)",1.51,,30
FR-31,FR-31.svg,19.08,SVG,"(797, 1203)",1.51,,36
FR-32,FR-32.svg,21.809,SVG,"(497, 745)",1.5,,64
FR-33,FR-33.svg,33.506,SVG,"(600, 1000)",1.67,,100
FR-34,FR-34.svg,14.852,SVG,"(797, 1203)",1.51,,30
FR-35,FR-35.svg,2.354,SVG,"(600, 900)",1.5,,12
FR-36,FR-36.svg,12.354,SVG,"(533, 800)",1.5,,18
FR-37,FR-37.svg,2.653,SVG,"(800, 1200)",1.5,,10
FR-38,FR-38.svg,10.2,SVG,"(750, 1125)",1.5,,56
FR-39,FR-39.svg,22.132,SVG,"(600, 900)",1.5,,28
FR-40,FR-40.svg,55.168,SVG,"(600, 1000)",1.67,,100
FR-41,FR-41.svg,17.977,SVG,"(800, 1200)",1.5,,20
FR-42,FR-42.svg,12.809,SVG,"(533, 800)",1.5,,52
FR-43,FR-43.svg,25.684,SVG,"(400, 600)",1.5,,74
FR-44,FR-44.svg,37.577,SVG,"(797, 1203)",1.51,,14
FR-45,FR-45.svg,14.216,SVG,"(797, 1204)",1.51,,26
FR-46,FR-46.svg,49.688,SVG,"(1600, 2400)",1.5,,100
FR-47,FR-47.svg,41.34,SVG,"(600, 1000)",1.67,,100
FR-48,FR-48.svg,2.458,SVG,"(800, 1200)",1.5,,16
FR-49,FR-49.svg,3.938,SVG,"(217, 325)",1.5,,16
FR-50,FR-50.svg,43.268,SVG,"(600, 900)",1.5,,100
FR-51,FR-51.svg,0.873,SVG,"(600, 900)",1.5,,10
FR-52,FR-52.svg,0.886,SVG,"(600, 900)",1.5,,10
FR-53,FR-53.svg,50.25,SVG,"(533, 800)",1.5,,82
FR-54,FR-54.svg,30.063,SVG,"(480, 800)",1.67,,100
FR-55,FR-55.svg,43.228,SVG,"(533, 800)",1.5,,80
FR-56,FR-56.svg,2.017,SVG,"(600, 900)",1.5,,12
FR-57,FR-57.svg,140.429,SVG,"(533, 800)",1.5,,100
FR-58,FR-58.svg,8.565,SVG,"(400, 600)",1.5,,10
FR-59,FR-59.svg,9.55,SVG,"(797, 1203)",1.51,,50
FR-60,FR-60.svg,47.426,SVG,"(533, 800)",1.5,,100
FR-61,FR-61.svg,47.985,SVG,"(600, 1)",0.0,,100
FR-62,FR-62.svg,432.296,SVG,"(801, 1201)",1.5,,100
FR-63,FR-63.svg,12.143,SVG,"(797, 1204)",1.51,,52
FR-64,FR-64.svg,55.221,SVG,"(520, 800)",1.54,,100
FR-65,FR-65.svg,13.874,SVG,"(400, 600)",1.5,,58
FR-66,FR-66.svg,0.272,SVG,"(600, 900)",1.5,,4
FR-67,FR-67.jpeg,82.37,JPEG,"(650, 978)",1.5,,20.12
FR-68,FR-68.svg,42.988,SVG,"(231, 345)",1.49,,100
FR-69,FR-69.svg,66.017,SVG,"(375, 625)",1.67,,100
FR-69M,FR-69M.svg,38.579,SVG,"(200, 300)",1.5,,100
FR-6AE,FR-6AE.svg,32.013,SVG,"(600, 900)",1.5,,20
FR-70,FR-70.svg,40.14,SVG,"(800, 1200)",1.5,,100
FR-71,FR-71.svg,56.061,SVG,"(797, 1203)",1.51,,100
FR-72,FR-72.svg,62.679,SVG,"(797, 1203)",1.51,,100
FR-73,FR-73.svg,0.165,SVG,"(120, 200)",1.67,,4
FR-74,FR-74.svg,10.553,SVG,"(600, 1000)",1.67,,8
FR-75C,FR-75C.svg,298.229,SVG,"(800, 1200)",1.5,,100
FR-76,FR-76.svg,35.415,SVG,"(600, 1000)",1.67,,100
FR-77,FR-77.svg,2.53,SVG,"(800, 1200)",1.5,,8
FR-78,FR-78.svg,53.967,SVG,"(797, 1203)",1.51,,100
FR-79,FR-79.svg,22.181,SVG,"(800, 1200)",1.5,,84
FR-80,FR-80.svg,33.428,SVG,"(800, 1200)",1.5,,100
FR-81,FR-81.svg,5.84,SVG,"(800, 1200)",1.5,,30
FR-82,FR-82.svg,274.275,SVG,"(800, 1200)",1.5,,100
FR-83,FR-83.svg,5.698,SVG,"(797, 1203)",1.51,,10
FR-84,FR-84.svg,26.756,SVG,"(797, 1203)",1.51,,100
FR-85,FR-85.svg,4.969,SVG,"(798, 1202)",1.51,,6
FR-86,FR-86.svg,9.241,SVG,"(533, 800)",1.5,,36
FR-87,FR-87.svg,37.738,SVG,"(798, 1204)",1.51,,16
FR-88,FR-88.svg,39.734,SVG,"(495, 744)",1.5,,56
FR-89,FR-89.svg,3.005,SVG,"(800, 1200)",1.5,,26
FR-90,FR-90.svg,44.708,SVG,"(622, 936)",1.5,,100
FR-91,FR-91.svg,58.249,SVG,"(797, 1203)",1.51,,100
FR-92,FR-92.svg,20.692,SVG,"(800, 1200)",1.5,,100
FR-93,FR-93.svg,63.082,SVG,"(797, 1203)",1.51,,100
FR-94,FR-94.svg,54.454,SVG,"(797, 1203)",1.51,,100
FR-95,FR-95.svg,34.021,SVG,"(800, 1200)",1.5,,100
FR-971,FR-971.svg,0.256,SVG,"(600, 900)",1.5,,6
FR-972,FR-972.svg,0.266,SVG,"(600, 900)",1.5,,6
FR-973,FR-973.svg,0.256,SVG,"(600, 900)",1.5,,6
FR-974,FR-974.svg,0.256,SVG,"(600, 900)",1.5,,6
FR-976,FR-976.svg,0.256,SVG,"(600, 900)",1.5,,6
FR-ARA,FR-ARA.svg,37.859,SVG,"(600, 900)",1.5,,100
FR-BFC,FR-BFC.svg,49.456,SVG,"(960, 1600)",1.67,,100
FR-BL,FR-BL.svg,0.282,SVG,"(480, 640)",1.33,,6
FR-BRE,FR-BRE.svg,1.233,SVG,"(900, 1350)",1.5,,16
FR-CP,FR-CP.svg,0.282,SVG,"(480, 640)",1.33,,6
FR-CVL,FR-CVL.svg,2.161,SVG,"(360, 600)",1.67,,22
FR-GES,FR-GES.svg,9.111,SVG,"(900, 1350)",1.5,,32
FR-HDF,FR-HDF.svg,37.149,SVG,"(600, 900)",1.5,,100
FR-IDF,FR-IDF.svg,10.575,SVG,"(216, 360)",1.67,,38
FR-MF,FR-MF.svg,0.282,SVG,"(480, 640)",1.33,,6
FR-NAQ,FR-NAQ.svg,32.036,SVG,"(600, 900)",1.5,,66
FR-NC,FR-NC.svg,1.375,SVG,"(480, 640)",1.33,,22
FR-NOR,FR-NOR.svg,47.067,SVG,"(600, 900)",1.5,,100
FR-OCC,FR-OCC.svg,1.883,SVG,"(600, 900)",1.5,,12
FR-PAC,FR-PAC.svg,28.491,SVG,"(750, 1125)",1.5,,100
FR-PDL,FR-PDL.svg,41.472,SVG,"(420, 720)",1.71,,100
FR-PF,FR-PF.svg,4.184,SVG,"(480, 640)",1.33,,22
FR-PM,FR-PM.svg,0.282,SVG,"(480, 640)",1.33,,6
FR-TF,FR-TF.svg,1.06,SVG,"(480, 640)",1.33,,12
FR-WF,FR-WF.svg,0.282,SVG,"(480, 640)",1.33,,6
GA-1,GA-1.svg,5.481,SVG,"(1456, 2184)",1.5,,52
GA-2,GA-2.svg,15.429,SVG,"(1456, 2184)",1.5,,86
GA-3,GA-3.svg,12.888,SVG,"(1456, 2184)",1.5,,44
GA-4,GA-4.svg,35.636,SVG,"(1456, 2184)",1.5,,78
GA-5,GA-5.svg,30.176,SVG,"(1456, 2184)",1.5,,100
GA-6,GA-6.svg,63.664,SVG,"(1456, 2184)",1.5,,100
GA-7,GA-7.svg,26.459,SVG,"(1456, 2184)",1.5,,100
GA-8,GA-8.svg,6.906,SVG,"(1456, 2184)",1.5,,40
GA-9,GA-9.svg,14.083,SVG,"(1456, 2184)",1.5,,56
GB-ABC,GB-ABC.png,188.066,PNG,"(600, 1000)",1.67,,6.74
GB-ABD,GB-ABD.svg,18.925,SVG,"(1800, 3)",0.0,,100
GB-ABE,GB-ABE.svg,17.689,SVG,"(234, 392)",1.68,,100
GB-AGY,GB-AGY.svg,86.725,SVG,"(180, 300)",1.67,,100
GB-ANN,GB-ANN.svg,0.51,SVG,"(500, 1000)",2.0,,4
GB-ANS,GB-ANS.png,334.012,PNG,"(1200, 2000)",1.67,,13.88
GB-BDF,GB-BDF.svg,2.831,SVG,"(600, 1000)",1.67,,18
GB-BEX,GB-BEX.png,13.957,PNG,"(216, 432)",2.0,,50.58
GB-BFS,GB-BFS.png,86.989,PNG,"(620, 1035)",1.67,,26.63
GB-BIR,GB-BIR.svg,14.149,SVG,"(1800, 3)",0.0,,60
GB-BKM,GB-BKM.svg,248.476,SVG,"(135, 225)",1.67,,100
GB-BNH,GB-BNH.png,89.34,PNG,"(475, 800)",1.68,,13.01
GB-BNS,GB-BNS.svg,240.123,SVG,"(303, 300)",0.99,,100
GB-BRD,GB-BRD.png,1920.854,PNG,"(2475, 4121)",1.67,,0.96
GB-BST,GB-BST.jpg,386.691,JPG,"(1200, 2000)",1.67,,23.25
GB-BUR,GB-BUR.png,13.267,PNG,"(216, 432)",2.0,,17.3
GB-CAM,GB-CAM.svg,22.147,SVG,"(390, 650)",1.67,,80
GB-CBF,GB-CBF.svg,2.831,SVG,"(600, 1000)",1.67,,18
GB-CGN,GB-CGN.svg,14.208,SVG,"(450, 720)",1.6,,64
GB-CHE,GB-CHE.png,14.842,PNG,"(223, 372)",1.67,,13.38
GB-CHW,GB-CHW.svg,84.999,SVG,"(360, 600)",1.67,,100
GB-CMA,GB-CMA.svg,54.993,SVG,"(574, 956)",1.67,,100
GB-CMN,GB-CMN.png,10.911,PNG,"(216, 359)",1.66,,23.03
GB-CON,GB-CON.svg,0.206,SVG,"(300, 500)",1.67,,4
GB-COV,GB-COV.svg,33.345,SVG,"(567, 945)",1.67,,100
GB-CRF,GB-CRF.svg,21.973,SVG,"(256, 426)",1.66,,76
GB-DBY,GB-DBY.svg,6.644,SVG,"(600, 900)",1.5,,16
GB-DEN,GB-DEN.png,14.152,PNG,"(305, 506)",1.66,,63.28
GB-DEV,GB-DEV.svg,0.403,SVG,"(300, 516)",1.72,,10
GB-DNC,GB-DNC.jpg,201.206,JPG,"(900, 1800)",2.0,,3.31
GB-DND,GB-DND.png,1170.725,PNG,"(2475, 4125)",1.67,,0.31
GB-DOR,GB-DOR.svg,0.32,SVG,"(254, 424)",1.67,,6
GB-DRS,GB-DRS.png,84.102,PNG,"(565, 1000)",1.77,,12.09
GB-DUD,GB-DUD.png,56.153,PNG,"(1800, 3000)",1.67,,20.27
GB-DUR,GB-DUR.svg,69.312,SVG,"(1200, 2000)",1.67,,100
GB-EAL,GB-EAL.png,59.663,PNG,"(256, 384)",1.5,,50.7
GB-EAY,GB-EAY.jpg,32.755,JPG,"(383, 612)",1.6,,35.31
GB-EDH,GB-EDH.svg,37.079,SVG,"(255, 426)",1.67,,100
GB-ELN,GB-ELN.svg,38.84,SVG,"(540, 900)",1.67,,98
GB-ELS,GB-ELS.svg,4.143,SVG,"(600, 900)",1.5,,74
GB-ENG,GB-ENG.svg,0.233,SVG,"(480, 640)",1.33,,6
GB-ERW,GB-ERW.svg,9.719,SVG,"(200, 396)",1.98,,4
GB-ERY,GB-ERY.svg,18.541,SVG,"(600, 1)",0.0,,100
GB-ESS,GB-ESS.svg,3.297,SVG,"(300, 450)",1.5,,32
GB-ESX,GB-ESX.svg,13.497,SVG,"(260, 429)",1.65,,56
GB-FAL,GB-FAL.svg,94.407,SVG,"(242, 413)",1.71,,100
GB-FLN,GB-FLN.svg,62.931,SVG,"(600, 1000)",1.67,,74
GB-FMO,GB-FMO.svg,0.205,SVG,"(300, 600)",2.0,,4
GB-GBN,GB-GBN.svg,0.466,SVG,"(600, 1000)",1.67,,10
GB-GLG,GB-GLG.svg,17.295,SVG,"(360, 600)",1.67,,74
GB-GLS,GB-GLS.svg,0.631,SVG,"(500, 1000)",2.0,,10
GB-GWN,GB-GWN.svg,49.163,SVG,"(500, 500)",1.0,,100
GB-HAM,GB-HAM.svg,40.287,SVG,"(300, 450)",1.5,,100
GB-HCK,GB-HCK.png,9.876,PNG,"(216, 360)",1.67,,69.02
GB-HEF,GB-HEF.svg,23.924,SVG,"(567, 945)",1.67,,48
GB-HPL,GB-HPL.jpeg,18.586,JPEG,"(408, 244)",0.6,,40.36
GB-HRT,GB-HRT.svg,44.28,SVG,"(1200, 2)",0.0,,84
GB-HRY,GB-HRY.png,5.891,PNG,"(216, 324)",1.5,,45.15
GB-IOS,GB-IOS.svg,1.377,SVG,"(600, 1000)",1.67,,16
GB-IOW,GB-IOW.svg,0.729,SVG,"(300, 500)",1.67,,8
GB-ISL,GB-ISL.png,10.104,PNG,"(216, 432)",2.0,,34.01
GB-KEN,GB-KEN.svg,15.731,SVG,"(300, 400)",1.33,,22
GB-KHL,GB-KHL.png,1530.254,PNG,"(2468, 4124)",1.67,,1.55
GB-KTT,GB-KTT.png,4.928,PNG,"(216, 432)",2.0,,19.94
GB-LAN,GB-LAN.svg,184.221,SVG,"(260, 430)",1.65,,100
GB-LBC,GB-LBC.png,179.604,PNG,"(600, 1000)",1.67,,11.55
GB-LCE,GB-LCE.png,38.617,PNG,"(312, 513)",1.64,,17.28
GB-LDS,GB-LDS.png,1060.926,PNG,"(2477, 4123)",1.66,,0.98
GB-LEC,GB-LEC.svg,24.055,SVG,"(210, 350)",1.67,,50
GB-LIN,GB-LIN.svg,1.622,SVG,"(540, 900)",1.67,,12
GB-LND,GB-LND.svg,2.888,SVG,"(300, 500)",1.67,,26
GB-LUT,GB-LUT.png,1753.688,PNG,"(2479, 4136)",1.67,,5.34
GB-MAN,GB-MAN.svg,69.144,SVG,"(1200, 2000)",1.67,,28
GB-MEA,GB-MEA.png,51.908,PNG,"(280, 840)",3.0,,16.25
GB-MON,GB-MON.svg,1.877,SVG,"(300, 500)",1.67,,14
GB-MRY,GB-MRY.svg,11.151,SVG,"(600, 1)",0.0,,26
GB-MUL,GB-MUL.png,20.284,PNG,"(558, 1000)",1.79,,6.0
GB-NBL,GB-NBL.svg,0.325,SVG,"(375, 600)",1.6,,6
GB-NET,GB-NET.png,9.023,PNG,"(216, 363)",1.68,,26.92
GB-NFK,GB-NFK.svg,0.715,SVG,"(390, 650)",1.67,,14
GB-NGM,GB-NGM.svg,6.25,SVG,"(555, 1)",0.0,,14
GB-NIR,GB-NIR.svg,24.746,SVG,"(480, 640)",1.33,,100
GB-NMD,GB-NMD.png,300.22,PNG,"(600, 1000)",1.67,,30.43
GB-NNH,GB-NNH.svg,6.962,SVG,"(360, 600)",1.67,,38
GB-NSM,GB-NSM.png,188.275,PNG,"(1200, 2000)",1.67,,9.3
GB-NTT,GB-NTT.svg,4.048,SVG,"(1445, 2609)",1.81,,20
GB-NWP,GB-NWP.jpeg,23.546,JPEG,"(216, 360)",1.67,,2.94
GB-OLD,GB-OLD.png,12.158,PNG,"(216, 431)",2.0,,49.65
GB-ORK,GB-ORK.svg,0.403,SVG,"(800, 1100)",1.38,,10
GB-OXF,GB-OXF.svg,329.496,SVG,"(1772, 2953)",1.67,,0
GB-PEM,GB-PEM.svg,8.994,SVG,"(257, 426)",1.66,,42
GB-PLY,GB-PLY.svg,3.508,SVG,"(800, 1600)",2.0,,10
GB-POR,GB-POR.svg,1.396,SVG,"(480, 800)",1.67,,8
GB-POW,GB-POW.svg,31.467,SVG,"(450, 720)",1.6,,74
GB-PTE,GB-PTE.png,575.797,PNG,"(2480, 4135)",1.67,,5.51
GB-RCT,GB-RCT.svg,4.584,SVG,"(202, 300)",1.49,,2
GB-RDB,GB-RDB.jpeg,53.261,JPEG,"(250, 235)",0.94,,100
GB-RIC,GB-RIC.svg,1010.637,SVG,"(1024, 1048)",1.02,,100
GB-RUT,GB-RUT.svg,4.229,SVG,"(1200, 2000)",1.67,,22
GB-SAW,GB-SAW.png,874.263,PNG,"(1989, 1500)",0.75,,15.21
GB-SCT,GB-SCT.svg,0.223,SVG,"(480, 640)",1.33,,4
GB-SFK,GB-SFK.svg,5.863,SVG,"(1772, 2954)",1.67,,62
GB-SFT,GB-SFT.png,54.869,PNG,"(600, 1000)",1.67,,6.65
GB-SHF,GB-SHF.png,11.23,PNG,"(216, 360)",1.67,,28.73
GB-SHR,GB-SHR.svg,57.319,SVG,"(144, 240)",1.67,,100
GB-SLK,GB-SLK.png,252.794,PNG,"(1440, 2640)",1.83,,4.87
GB-SOM,GB-SOM.svg,18.169,SVG,"(1800, 3000)",1.67,,78
GB-SOS,GB-SOS.png,7.414,PNG,"(216, 324)",1.5,,23.24
GB-SRY,GB-SRY.svg,0.369,SVG,"(300, 500)",1.67,,4
GB-STG,GB-STG.svg,22.422,SVG,"(600, 1000)",1.67,,100
GB-STH,GB-STH.png,63.678,PNG,"(784, 1396)",1.78,,6.25
GB-STS,GB-STS.svg,76.415,SVG,"(319, 532)",1.67,,100
GB-STY,GB-STY.png,942.621,PNG,"(1989, 1500)",0.75,,10.27
GB-SWA,GB-SWA.jpeg,37.15,JPEG,"(216, 360)",1.67,,41.91
GB-SWD,GB-SWD.png,10.247,PNG,"(216, 359)",1.66,,17.35
GB-TOB,GB-TOB.png,5.843,PNG,"(216, 322)",1.49,,17.52
GB-UKM,GB-UKM.svg,0.626,SVG,"(600, 1200)",2.0,,14
GB-VGL,GB-VGL.svg,0.261,SVG,"(420, 700)",1.67,,4
GB-WAR,GB-WAR.svg,20.894,SVG,"(800, 1)",0.0,,92
GB-WBK,GB-WBK.svg,84.722,SVG,"(230, 384)",1.67,,100
GB-WFT,GB-WFT.svg,989.409,SVG,"(1007, 875)",0.87,,100
GB-WGN,GB-WGN.png,1299.292,PNG,"(1526, 1500)",0.98,,28.07
GB-WIL,GB-WIL.svg,6.982,SVG,"(210, 350)",1.67,,22
GB-WLL,GB-WLL.png,63.496,PNG,"(990, 1650)",1.67,,4.03
GB-WLS,GB-WLS.svg,8.963,SVG,"(480, 640)",1.33,,10
GB-WNH,GB-WNH.svg,6.962,SVG,"(360, 600)",1.67,,38
GB-WOR,GB-WOR.svg,8.811,SVG,"(481, 800)",1.66,,24
GB-WSX,GB-WSX.svg,5.631,SVG,"(260, 429)",1.65,,20
GB-YOR,GB-YOR.svg,102.726,SVG,"(600, 1000)",1.67,,100
GB-ZET,GB-ZET.svg,0.413,SVG,"(4000, 6000)",1.5,,6
GE-AB,GE-AB.svg,1.729,SVG,"(300, 600)",2.0,,26
GE-AJ,GE-AJ.svg,0.803,SVG,"(600, 900)",1.5,,12
GE-GU,GE-GU.svg,1.727,SVG,"(619, 929)",1.5,,8
GE-IM,GE-IM.svg,3.416,SVG,"(619, 929)",1.5,,22
GE-KA,GE-KA.svg,0.198,SVG,"(300, 500)",1.67,,4
GE-KK,GE-KK.png,59.337,PNG,"(666, 1000)",1.5,,10.93
GE-MM,GE-MM.png,31.933,PNG,"(667, 1000)",1.5,,3.94
GE-RL,GE-RL.svg,1.981,SVG,"(600, 900)",1.5,,6
GE-SJ,GE-SJ.svg,49.797,SVG,"(460, 690)",1.5,,6
GE-SK,GE-SK.svg,4.68,SVG,"(600, 1000)",1.67,,12
GE-SZ,GE-SZ.png,10.419,PNG,"(600, 900)",1.5,,3.74
GE-TB,GE-TB.svg,57.127,SVG,"(760, 1360)",1.79,,42
GH-AA,GH-AA.svg,2.938,SVG,"(216, 324)",1.5,,8
GH-AH,GH-AH.svg,0.468,SVG,"(400, 600)",1.5,,12
GH-CP,GH-CP.png,1.747,PNG,"(232, 306)",1.32,,14.9
GH-EP,GH-EP.svg,2.988,SVG,"(216, 324)",1.5,,8
GH-TV,GH-TV.png,2.546,PNG,"(533, 800)",1.5,,3.79
GH-WP,GH-WP.png,2.146,PNG,"(237, 378)",1.59,,29.22
GL-AV,GL-AV.png,11.736,PNG,"(216, 432)",2.0,,10.28
GL-KU,GL-KU.svg,21.645,SVG,"(640, 960)",1.5,,38
GL-QE,GL-QE.svg,2.89,SVG,"(640, 960)",1.5,,26
GL-QT,GL-QT.png,13.063,PNG,"(216, 431)",2.0,,25.89
GL-SM,GL-SM.svg,5.115,SVG,"(640, 960)",1.5,,36
GM-B,GM-B.svg,56.535,SVG,"(1000, 1500)",1.5,,100
GR-69,GR-69.svg,150.161,SVG,"(400, 600)",1.5,,4
GR-A,GR-A.svg,0.563,SVG,"(600, 900)",1.5,,6
GR-B,GR-B.svg,0.563,SVG,"(600, 900)",1.5,,6
GR-C,GR-C.svg,0.563,SVG,"(600, 900)",1.5,,6
GT-01,GT-01.svg,87.443,SVG,"(270, 420)",1.56,,100
GT-02,GT-02.jpg,7.511,JPG,"(196, 293)",1.49,,46.32
GT-03,GT-03.svg,72.359,SVG,"(886, 1417)",1.6,,100
GT-04,GT-04.png,14.452,PNG,"(217, 326)",1.5,,45.77
GT-05,GT-05.svg,41.563,SVG,"(1063, 1701)",1.6,,100
GT-06,GT-06.png,5.92,PNG,"(217, 324)",1.49,,39.85
GT-07,GT-07.svg,0.748,SVG,"(444, 667)",1.5,,6
GT-08,GT-08.svg,72.299,SVG,"(1642, 2719)",1.66,,100
GT-09,GT-09.png,7.145,PNG,"(217, 325)",1.5,,31.95
GT-10,GT-10.png,33.51,PNG,"(505, 799)",1.58,,7.26
GT-11,GT-11.png,6.544,PNG,"(217, 326)",1.5,,31.51
GT-12,GT-12.png,5.244,PNG,"(217, 326)",1.5,,18.23
GT-13,GT-13.png,7.392,PNG,"(217, 343)",1.58,,44.82
GT-14,GT-14.png,33.955,PNG,"(350, 600)",1.71,,29.04
GT-15,GT-15.png,26.06,PNG,"(325, 540)",1.66,,19.34
GT-16,GT-16.svg,68.147,SVG,"(886, 1417)",1.6,,100
GT-17,GT-17.png,21.092,PNG,"(335, 559)",1.67,,23.49
GT-18,GT-18.png,5.617,PNG,"(216, 324)",1.5,,5.27
GT-19,GT-19.png,18.658,PNG,"(400, 705)",1.76,,7.85
GT-20,GT-20.jpg,164.45,JPG,"(1080, 1920)",1.78,,2.06
GT-21,GT-21.svg,39.236,SVG,"(471, 701)",1.49,,100
GT-22,GT-22.png,17.511,PNG,"(217, 326)",1.5,,92.66
GW-BS,GW-BS.png,648.144,PNG,"(1000, 1600)",1.6,,2.73
GY-BA,GY-BA.png,11.362,PNG,"(216, 324)",1.5,,30.44
GY-CU,GY-CU.svg,0.516,SVG,"(900, 1500)",1.67,,6
GY-DE,GY-DE.svg,0.438,SVG,"(600, 1)",0.0,,4
GY-EB,GY-EB.svg,0.434,SVG,"(600, 900)",1.5,,4
GY-ES,GY-ES.svg,1.878,SVG,"(400, 600)",1.5,,6
GY-MA,GY-MA.svg,0.363,SVG,"(None, None)",,,4
GY-PM,GY-PM.svg,0.367,SVG,"(None, None)",,,4
GY-PT,GY-PT.svg,0.495,SVG,"(900, 1800)",2.0,,6
GY-UD,GY-UD.svg,0.371,SVG,"(None, None)",,,4
GY-UT,GY-UT.svg,0.323,SVG,"(300, 500)",1.67,,6
HN-CL,HN-CL.png,6.99,PNG,"(217, 414)",1.91,,28.75
HN-CM,HN-CM.png,159.548,PNG,"(652, 1079)",1.65,,14.61
HN-CP,HN-CP.svg,40.591,SVG,"(375, 600)",1.6,,60
HN-FM,HN-FM.svg,631.318,SVG,"(3256, 5021)",1.54,,100
HN-GD,HN-GD.png,26.268,PNG,"(769, 1148)",1.49,,9.01
HN-LE,HN-LE.png,29.667,PNG,"(756, 1134)",1.5,,1.91
HN-LP,HN-LP.png,28.846,PNG,"(756, 1134)",1.5,,0.28
HN-OC,HN-OC.svg,0.585,SVG,"(600, 900)",1.5,,6
HN-OL,HN-OL.jpg,113.482,JPG,"(416, 680)",1.63,,17.27
HN-SB,HN-SB.svg,0.513,SVG,"(600, 900)",1.5,,4
HN-YO,HN-YO.svg,291.543,SVG,"(800, 1324)",1.66,,100
HR-01,HR-01.svg,11.116,SVG,"(500, 1000)",2.0,,100
HR-02,HR-02.svg,1.371,SVG,"(596, 1200)",2.01,,10
HR-03,HR-03.png,16.231,PNG,"(300, 600)",2.0,,16.37
HR-04,HR-04.svg,28.332,SVG,"(938, 1875)",2.0,,68
HR-05,HR-05.png,51.983,PNG,"(400, 900)",2.25,,17.03
HR-06,HR-06.png,26.348,PNG,"(300, 600)",2.0,,16.55
HR-07,HR-07.png,39.335,PNG,"(1000, 2000)",2.0,,12.52
HR-08,HR-08.png,36.687,PNG,"(400, 800)",2.0,,8.62
HR-09,HR-09.svg,20.652,SVG,"(300, 600)",2.0,,56
HR-10,HR-10.png,12.365,PNG,"(300, 600)",2.0,,13.56
HR-11,HR-11.png,36.646,PNG,"(400, 800)",2.0,,10.77
HR-12,HR-12.svg,2.023,SVG,"(300, 600)",2.0,,20
HR-13,HR-13.png,21.223,PNG,"(300, 600)",2.0,,21.35
HR-14,HR-14.svg,13.603,SVG,"(1500, 3000)",2.0,,68
HR-15,HR-15.svg,11.822,SVG,"(350, 700)",2.0,,98
HR-16,HR-16.svg,8.836,SVG,"(400, 800)",2.0,,56
HR-17,HR-17.svg,9.22,SVG,"(213, 426)",2.0,,70
HR-18,HR-18.svg,76.83,SVG,"(600, 1200)",2.0,,12
HR-19,HR-19.png,92.303,PNG,"(216, 432)",2.0,,42.21
HR-20,HR-20.svg,0.531,SVG,"(300, 600)",2.0,,8
HR-21,HR-21.svg,7.987,SVG,"(283, 522)",1.84,,66
HU-BA,HU-BA.svg,230.188,SVG,"(425, 709)",1.67,,100
HU-BC,HU-BC.svg,639.75,SVG,"(600, 900)",1.5,,100
HU-BE,HU-BE.svg,581.54,SVG,"(425, 709)",1.67,,100
HU-BK,HU-BK.svg,65.146,SVG,"(425, 709)",1.67,,100
HU-BU,HU-BU.svg,2054.984,SVG,"(600, 900)",1.5,,100
HU-BZ,HU-BZ.svg,408.375,SVG,"(425, 709)",1.67,,100
HU-CS,HU-CS.svg,1185.717,SVG,"(425, 709)",1.67,,100
HU-DE,HU-DE.svg,0.182,SVG,"(600, 900)",1.5,,4
HU-DU,HU-DU.svg,12.099,SVG,"(600, 1200)",2.0,,100
HU-EG,HU-EG.svg,458.675,SVG,"(600, 1200)",2.0,,100
HU-ER,HU-ER.svg,7.307,SVG,"(600, 1200)",2.0,,26
HU-FE,HU-FE.svg,466.666,SVG,"(425, 709)",1.67,,100
HU-GS,HU-GS.svg,260.797,SVG,"(425, 709)",1.67,,100
HU-GY,HU-GY.svg,128.708,SVG,"(600, 900)",1.5,,100
HU-HB,HU-HB.svg,1347.625,SVG,"(425, 709)",1.67,,100
HU-HE,HU-HE.svg,191.375,SVG,"(425, 709)",1.67,,100
HU-HV,HU-HV.svg,230.964,SVG,"(600, 1200)",2.0,,100
HU-JN,HU-JN.svg,376.337,SVG,"(425, 709)",1.67,,100
HU-KE,HU-KE.svg,361.363,SVG,"(425, 709)",1.67,,100
HU-KM,HU-KM.svg,1667.852,SVG,"(300, 443)",1.48,,100
HU-KV,HU-KV.svg,77.496,SVG,"(600, 1200)",2.0,,100
HU-MI,HU-MI.svg,1765.837,SVG,"(600, 1200)",2.0,,100
HU-NK,HU-NK.svg,61.941,SVG,"(600, 900)",1.5,,100
HU-NO,HU-NO.svg,439.217,SVG,"(425, 709)",1.67,,100
HU-NY,HU-NY.svg,119.696,SVG,"(600, 1200)",2.0,,100
HU-PE,HU-PE.svg,330.09,SVG,"(425, 709)",1.67,,100
HU-PS,HU-PS.svg,782.072,SVG,"(240, 360)",1.5,,100
HU-SD,HU-SD.svg,106.607,SVG,"(600, 1200)",2.0,,100
HU-SF,HU-SF.svg,129.651,SVG,"(600, 1075)",1.79,,100
HU-SH,HU-SH.svg,12.534,SVG,"(600, 1200)",2.0,,100
HU-SK,HU-SK.svg,0.333,SVG,"(130, 260)",2.0,,4
HU-SN,HU-SN.svg,104.702,SVG,"(216, 324)",1.5,,28
HU-SO,HU-SO.svg,835.255,SVG,"(425, 709)",1.67,,100
HU-SS,HU-SS.svg,50.319,SVG,"(600, 1200)",2.0,,100
HU-ST,HU-ST.svg,32.641,SVG,"(600, 900)",1.5,,100
HU-SZ,HU-SZ.svg,548.0,SVG,"(425, 709)",1.67,,100
HU-TB,HU-TB.svg,85.495,SVG,"(600, 900)",1.5,,100
HU-TO,HU-TO.svg,1448.754,SVG,"(425, 709)",1.67,,100
HU-VA,HU-VA.svg,390.533,SVG,"(425, 709)",1.67,,100
HU-VE,HU-VE.svg,288.62,SVG,"(425, 709)",1.67,,100
HU-VM,HU-VM.svg,125.381,SVG,"(600, 900)",1.5,,100
HU-ZA,HU-ZA.svg,344.539,SVG,"(425, 709)",1.67,,100
HU-ZE,HU-ZE.svg,45.97,SVG,"(600, 1200)",2.0,,100
ID-AC,ID-AC.svg,150.466,SVG,"(1600, 2286)",1.43,,100
ID-BA,ID-BA.svg,113.401,SVG,"(1050, 1500)",1.43,,100
ID-BB,ID-BB.svg,74.068,SVG,"(1050, 1500)",1.43,,100
ID-BE,ID-BE.svg,62.474,SVG,"(1600, 2286)",1.43,,100
ID-BT,ID-BT.svg,75.118,SVG,"(1600, 2286)",1.43,,100
ID-GO,ID-GO.svg,84.723,SVG,"(1600, 2286)",1.43,,100
ID-JA,ID-JA.svg,21.883,SVG,"(1050, 1500)",1.43,,88
ID-JB,ID-JB.svg,41.055,SVG,"(1000, 1500)",1.5,,100
ID-JI,ID-JI.svg,87.33,SVG,"(1050, 1500)",1.43,,100
ID-JK,ID-JK.svg,186.218,SVG,"(1050, 1500)",1.43,,100
ID-JT,ID-JT.svg,266.136,SVG,"(1050, 1500)",1.43,,100
ID-KB,ID-KB.svg,95.665,SVG,"(1050, 1500)",1.43,,100
ID-KI,ID-KI.svg,21.391,SVG,"(1050, 1500)",1.43,,100
ID-KR,ID-KR.svg,77.952,SVG,"(1600, 2286)",1.43,,100
ID-KS,ID-KS.svg,33.407,SVG,"(1600, 2286)",1.43,,100
ID-KT,ID-KT.svg,56.014,SVG,"(1600, 2286)",1.43,,100
ID-KU,ID-KU.svg,55.942,SVG,"(1600, 2286)",1.43,,100
ID-LA,ID-LA.svg,572.936,SVG,"(1050, 1500)",1.43,,100
ID-MA,ID-MA.svg,46.168,SVG,"(1600, 2286)",1.43,,100
ID-MU,ID-MU.svg,92.674,SVG,"(1600, 2286)",1.43,,100
ID-NB,ID-NB.svg,184.091,SVG,"(1050, 1500)",1.43,,100
ID-NT,ID-NT.svg,220.194,SVG,"(1050, 1500)",1.43,,100
ID-PA,ID-PA.svg,33.126,SVG,"(1050, 1500)",1.43,,100
ID-PB,ID-PB.svg,47.235,SVG,"(1050, 1500)",1.43,,100
ID-PD,ID-PD.svg,2864.771,SVG,"(896, 1280)",1.43,,8
ID-PE,ID-PE.svg,1240.417,SVG,"(896, 1280)",1.43,,8
ID-PS,ID-PS.svg,1917.687,SVG,"(896, 1280)",1.43,,8
ID-PT,ID-PT.svg,2151.211,SVG,"(896, 1280)",1.43,,6
ID-RI,ID-RI.svg,195.072,SVG,"(1050, 1500)",1.43,,100
ID-SA,ID-SA.svg,309.479,SVG,"(1050, 1500)",1.43,,100
ID-SB,ID-SB.svg,17.392,SVG,"(1600, 2286)",1.43,,80
ID-SG,ID-SG.svg,171.746,SVG,"(1050, 1500)",1.43,,100
ID-SN,ID-SN.svg,68.571,SVG,"(1050, 1500)",1.43,,100
ID-SR,ID-SR.svg,54.339,SVG,"(1500, 2400)",1.6,,100
ID-SS,ID-SS.svg,38.296,SVG,"(1050, 1500)",1.43,,100
ID-ST,ID-ST.svg,49.142,SVG,"(1600, 2286)",1.43,,100
ID-SU,ID-SU.svg,410.552,SVG,"(1050, 1500)",1.43,,100
ID-YO,ID-YO.svg,170.712,SVG,"(1050, 1500)",1.43,,100
IE-C,IE-C.svg,70.814,SVG,"(800, 1100)",1.38,,100
IE-L,IE-L.svg,75.733,SVG,"(750, 1500)",2.0,,100
IE-M,IE-M.svg,4.367,SVG,"(800, 1200)",1.5,,24
IE-U,IE-U.svg,2.558,SVG,"(670, 1200)",1.79,,12
IL-JM,IL-JM.svg,49.45,SVG,"(459, 632)",1.38,,100
IL-TA,IL-TA.svg,52.266,SVG,"(698, 960)",1.38,,100
IQ-AR,IQ-AR.png,156.844,PNG,"(1200, 1800)",1.5,,3.9
IQ-BA,IQ-BA.svg,49.943,SVG,"(285, 400)",1.4,,4
IQ-BB,IQ-BB.png,450.616,PNG,"(860, 1280)",1.49,,6.46
IQ-BG,IQ-BG.png,85.951,PNG,"(533, 800)",1.5,,25.17
IQ-DA,IQ-DA.png,635.817,PNG,"(1200, 1800)",1.5,,0.27
IQ-DI,IQ-DI.png,285.306,PNG,"(853, 1280)",1.5,,6.42
IQ-KI,IQ-KI.png,303.546,PNG,"(1067, 1600)",1.5,,3.53
IQ-KR,IQ-KR.svg,0.803,SVG,"(600, 900)",1.5,,8
IQ-MU,IQ-MU.png,88.614,PNG,"(265, 376)",1.42,,62.69
IQ-NI,IQ-NI.png,98.779,PNG,"(397, 575)",1.45,,17.75
IQ-SD,IQ-SD.svg,27.795,SVG,"(640, 960)",1.5,,68
IQ-WA,IQ-WA.png,53.492,PNG,"(267, 374)",1.4,,9.51
IS-AKN,IS-AKN.png,9.757,PNG,"(216, 324)",1.5,,39.78
IS-AKU,IS-AKU.png,8.499,PNG,"(216, 324)",1.5,,28.98
IS-ARN,IS-ARN.png,7.311,PNG,"(216, 324)",1.5,,9.15
IS-BOG,IS-BOG.png,4.494,PNG,"(216, 324)",1.5,,8.87
IS-BOL,IS-BOL.png,7.293,PNG,"(216, 324)",1.5,,15.43
IS-DAB,IS-DAB.png,5.188,PNG,"(216, 324)",1.5,,48.04
IS-DAV,IS-DAV.png,4.357,PNG,"(216, 324)",1.5,,26.84
IS-EYF,IS-EYF.png,5.686,PNG,"(216, 324)",1.5,,11.4
IS-FJD,IS-FJD.png,4.671,PNG,"(216, 324)",1.5,,17.16
IS-FJL,IS-FJL.png,15.804,PNG,"(216, 324)",1.5,,32.79
IS-GAR,IS-GAR.png,6.189,PNG,"(216, 324)",1.5,,8.06
IS-GOG,IS-GOG.png,7.7,PNG,"(324, 216)",0.67,,47.5
IS-GRN,IS-GRN.png,5.347,PNG,"(216, 324)",1.5,,35.93
IS-GRU,IS-GRU.png,6.596,PNG,"(216, 324)",1.5,,15.91
IS-HAF,IS-HAF.png,3.645,PNG,"(216, 324)",1.5,,10.44
IS-HRU,IS-HRU.png,5.578,PNG,"(216, 324)",1.5,,31.2
IS-HUG,IS-HUG.png,11.005,PNG,"(486, 864)",1.78,,9.01
IS-HUV,IS-HUV.png,5.686,PNG,"(216, 324)",1.5,,12.45
IS-HVA,IS-HVA.png,6.737,PNG,"(216, 324)",1.5,,29.31
IS-HVE,IS-HVE.png,6.852,PNG,"(216, 324)",1.5,,16.62
IS-ISA,IS-ISA.png,6.352,PNG,"(216, 324)",1.5,,31.85
IS-KJO,IS-KJO.png,5.952,PNG,"(216, 216)",1.0,,24.73
IS-KOP,IS-KOP.png,3.541,PNG,"(216, 324)",1.5,,9.78
IS-MOS,IS-MOS.png,3.936,PNG,"(216, 324)",1.5,,7.57
IS-MUL,IS-MUL.png,4.888,PNG,"(216, 324)",1.5,,18.3
IS-MYR,IS-MYR.png,3.743,PNG,"(216, 324)",1.5,,11.36
IS-NOR,IS-NOR.png,7.545,PNG,"(216, 324)",1.5,,37.21
IS-RGE,IS-RGE.png,8.295,PNG,"(324, 216)",0.67,,37.62
IS-RGY,IS-RGY.png,3.055,PNG,"(216, 324)",1.5,,10.43
IS-RHH,IS-RHH.png,4.627,PNG,"(216, 324)",1.5,,30.44
IS-RKN,IS-RKN.png,6.775,PNG,"(216, 324)",1.5,,28.98
IS-RKV,IS-RKV.svg,1.482,SVG,"(262, 392)",1.5,,6
IS-SDN,IS-SDN.png,3.461,PNG,"(216, 324)",1.5,,13.98
IS-SDV,IS-SDV.png,6.65,PNG,"(216, 324)",1.5,,27.5
IS-SEL,IS-SEL.png,3.1,PNG,"(216, 324)",1.5,,6.97
IS-SFA,IS-SFA.png,2.84,PNG,"(216, 324)",1.5,,8.75
IS-SHF,IS-SHF.png,5.155,PNG,"(216, 324)",1.5,,47.06
IS-SKR,IS-SKR.png,5.945,PNG,"(216, 324)",1.5,,48.13
IS-SNF,IS-SNF.png,7.183,PNG,"(216, 324)",1.5,,5.97
IS-SOG,IS-SOG.png,5.224,PNG,"(216, 324)",1.5,,7.57
IS-SOL,IS-SOL.png,5.746,PNG,"(216, 324)",1.5,,17.15
IS-SSS,IS-SSS.png,8.666,PNG,"(216, 324)",1.5,,35.56
IS-STR,IS-STR.png,6.61,PNG,"(216, 324)",1.5,,29.57
IS-STY,IS-STY.png,3.945,PNG,"(216, 324)",1.5,,17.03
IS-SVG,IS-SVG.png,5.062,PNG,"(216, 324)",1.5,,14.23
IS-TAL,IS-TAL.png,4.854,PNG,"(216, 324)",1.5,,19.63
IS-THG,IS-THG.png,4.487,PNG,"(216, 324)",1.5,,23.97
IS-VEM,IS-VEM.png,7.146,PNG,"(216, 324)",1.5,,23.66
IS-VER,IS-VER.png,6.155,PNG,"(216, 324)",1.5,,24.1
IS-VOP,IS-VOP.png,5.441,PNG,"(216, 324)",1.5,,20.81
IT-21,IT-21.svg,4.371,SVG,"(600, 900)",1.5,,10
IT-23,IT-23.svg,0.206,SVG,"(600, 900)",1.5,,4
IT-25,IT-25.svg,0.403,SVG,"(600, 900)",1.5,,4
IT-32,IT-32.svg,54.625,SVG,"(400, 600)",1.5,,60
IT-34,IT-34.svg,436.416,SVG,"(776, 1163)",1.5,,100
IT-36,IT-36.svg,54.481,SVG,"(1, 1500)",1500.0,,100
IT-42,IT-42.svg,10.467,SVG,"(600, 900)",1.5,,26
IT-45,IT-45.svg,22.042,SVG,"(524, 850)",1.62,,8
IT-52,IT-52.svg,400.974,SVG,"(432, 648)",1.5,,100
IT-55,IT-55.svg,5.466,SVG,"(400, 600)",1.5,,74
IT-57,IT-57.svg,8.792,SVG,"(500, 750)",1.5,,22
IT-62,IT-62.svg,171.354,SVG,"(1101, 1649)",1.5,,100
IT-65,IT-65.svg,59.502,SVG,"(821, 1190)",1.45,,14
IT-67,IT-67.svg,16.686,SVG,"(500, 750)",1.5,,36
IT-72,IT-72.svg,2.732,SVG,"(467, 700)",1.5,,6
IT-75,IT-75.svg,36.472,SVG,"(500, 750)",1.5,,100
IT-77,IT-77.svg,10.604,SVG,"(593, 890)",1.5,,14
IT-78,IT-78.svg,39.043,SVG,"(692, 1037)",1.5,,90
IT-82,IT-82.svg,105.021,SVG,"(520, 800)",1.54,,100
IT-88,IT-88.svg,21.67,SVG,"(600, 895)",1.49,,84
IT-AG,IT-AG.svg,686.356,SVG,"(400, 600)",1.5,,100
IT-AL,IT-AL.svg,293.175,SVG,"(1, 1500)",1500.0,,100
IT-AN,IT-AN.svg,0.237,SVG,"(360, 540)",1.5,,4
IT-AP,IT-AP.png,7.385,PNG,"(183, 275)",1.5,,78.46
IT-AQ,IT-AQ.svg,250.541,SVG,"(400, 600)",1.5,,100
IT-AR,IT-AR.svg,1998.122,SVG,"(1512, 2268)",1.5,,100
IT-AT,IT-AT.svg,240.975,SVG,"(1, 1500)",1500.0,,100
IT-AV,IT-AV.svg,154.767,SVG,"(380, 568)",1.49,,100
IT-BA,IT-BA.svg,0.311,SVG,"(600, 900)",1.5,,6
IT-BG,IT-BG.svg,1.618,SVG,"(None, None)",,,4
IT-BI,IT-BI.jpg,29.858,JPG,"(667, 1000)",1.5,,17.24
IT-BL,IT-BL.svg,920.366,SVG,"(540, 810)",1.5,,100
IT-BN,IT-BN.svg,305.319,SVG,"(1, 1500)",1500.0,,100
IT-BO,IT-BO.svg,45.776,SVG,"(986, 1500)",1.52,,82
IT-BR,IT-BR.svg,398.07,SVG,"(400, 600)",1.5,,100
IT-BS,IT-BS.svg,658.512,SVG,"(400, 600)",1.5,,100
IT-BT,IT-BT.jpeg,25.504,JPEG,"(667, 1000)",1.5,,10.45
IT-BZ,IT-BZ.svg,40.373,SVG,"(600, 1000)",1.67,,92
IT-CA,IT-CA.svg,332.508,SVG,"(600, 900)",1.5,,100
IT-CB,IT-CB.svg,146.21,SVG,"(1, 1500)",1500.0,,100
IT-CE,IT-CE.svg,719.559,SVG,"(1, 1500)",1500.0,,100
IT-CH,IT-CH.svg,674.756,SVG,"(400, 600)",1.5,,100
IT-CL,IT-CL.png,6.859,PNG,"(183, 275)",1.5,,59.14
IT-CN,IT-CN.svg,324.388,SVG,"(1, 1500)",1500.0,,100
IT-CO,IT-CO.svg,0.245,SVG,"(380, 568)",1.49,,4
IT-CR,IT-CR.svg,318.454,SVG,"(1, 1500)",1500.0,,100
IT-CS,IT-CS.svg,520.702,SVG,"(794, 1270)",1.6,,100
IT-CT,IT-CT.svg,0.303,SVG,"(400, 600)",1.5,,4
IT-CZ,IT-CZ.svg,196.171,SVG,"(999, 1499)",1.5,,100
IT-EN,IT-EN.jpg,26.263,JPG,"(667, 1000)",1.5,,3.97
IT-FC,IT-FC.svg,1613.198,SVG,"(600, 900)",1.5,,100
IT-FE,IT-FE.svg,1.323,SVG,"(1000, 1500)",1.5,,4
IT-FG,IT-FG.svg,619.693,SVG,"(1, 1500)",1500.0,,100
IT-FI,IT-FI.svg,132.494,SVG,"(600, 900)",1.5,,100
IT-FM,IT-FM.png,0.582,PNG,"(228, 340)",1.49,,11.54
IT-FR,IT-FR.svg,576.885,SVG,"(400, 600)",1.5,,100
IT-GE,IT-GE.png,0.449,PNG,"(217, 434)",2.0,,5.57
IT-GO,IT-GO.svg,235.956,SVG,"(693, 1041)",1.5,,100
IT-GR,IT-GR.svg,325.174,SVG,"(400, 600)",1.5,,100
IT-IM,IT-IM.svg,829.781,SVG,"(1, 1500)",1500.0,,100
IT-IS,IT-IS.svg,1131.742,SVG,"(1000, 1500)",1.5,,100
IT-KR,IT-KR.svg,264.5,SVG,"(1, 1500)",1500.0,,100
IT-LC,IT-LC.svg,429.949,SVG,"(537, 805)",1.5,,100
IT-LE,IT-LE.svg,413.16,SVG,"(400, 600)",1.5,,100
IT-LI,IT-LI.svg,235.335,SVG,"(1, 1500)",1500.0,,100
IT-LO,IT-LO.svg,196.403,SVG,"(801, 1180)",1.47,,100
IT-LT,IT-LT.svg,531.666,SVG,"(400, 600)",1.5,,100
IT-LU,IT-LU.svg,3355.731,SVG,"(600, 904)",1.51,,100
IT-MB,IT-MB.svg,195.631,SVG,"(400, 600)",1.5,,100
IT-MC,IT-MC.png,7.822,PNG,"(183, 275)",1.5,,43.98
IT-ME,IT-ME.svg,0.236,SVG,"(300, 450)",1.5,,4
IT-MI,IT-MI.svg,3.18,SVG,"(400, 600)",1.5,,14
IT-MN,IT-MN.svg,1587.594,SVG,"(200, 300)",1.5,,100
IT-MO,IT-MO.svg,665.158,SVG,"(1, 1500)",1500.0,,100
IT-MS,IT-MS.svg,673.865,SVG,"(1, 1500)",1500.0,,100
IT-MT,IT-MT.svg,544.111,SVG,"(1000, 1500)",1.5,,100
IT-NA,IT-NA.svg,135.698,SVG,"(1, 1500)",1500.0,,100
IT-NO,IT-NO.jpg,110.513,JPG,"(800, 1200)",1.5,,19.44
IT-NU,IT-NU.svg,178.043,SVG,"(400, 600)",1.5,,100
IT-OR,IT-OR.svg,210.98,SVG,"(600, 900)",1.5,,100
IT-PA,IT-PA.svg,692.596,SVG,"(1, 1500)",1500.0,,100
IT-PC,IT-PC.svg,2.012,SVG,"(801, 1180)",1.47,,4
IT-PD,IT-PD.svg,2188.193,SVG,"(200, 300)",1.5,,100
IT-PE,IT-PE.svg,347.2,SVG,"(400, 600)",1.5,,100
IT-PG,IT-PG.svg,541.162,SVG,"(1, 1500)",1500.0,,100
IT-PI,IT-PI.svg,72.277,SVG,"(1, 1500)",1500.0,,100
IT-PN,IT-PN.svg,697.254,SVG,"(794, 1123)",1.41,,100
IT-PO,IT-PO.svg,1193.481,SVG,"(400, 600)",1.5,,100
IT-PR,IT-PR.svg,253.961,SVG,"(1, 1500)",1500.0,,100
IT-PT,IT-PT.svg,2.808,SVG,"(1380, 2071)",1.5,,56
IT-PU,IT-PU.svg,302.089,SVG,"(400, 600)",1.5,,100
IT-PV,IT-PV.png,6.238,PNG,"(183, 275)",1.5,,83.37
IT-PZ,IT-PZ.svg,273.459,SVG,"(801, 1180)",1.47,,100
IT-RA,IT-RA.svg,254.003,SVG,"(800, 1180)",1.48,,100
IT-RC,IT-RC.svg,363.979,SVG,"(380, 568)",1.49,,100
IT-RE,IT-RE.svg,116.927,SVG,"(1, 1500)",1500.0,,100
IT-RG,IT-RG.png,14.355,PNG,"(227, 340)",1.5,,28.57
IT-RI,IT-RI.svg,686.915,SVG,"(600, 900)",1.5,,100
IT-RM,IT-RM.svg,539.186,SVG,"(2133, 3200)",1.5,,100
IT-RN,IT-RN.svg,16.236,SVG,"(800, 1180)",1.48,,70
IT-RO,IT-RO.png,3166.397,PNG,"(3435, 5152)",1.5,,1.71
IT-SA,IT-SA.svg,245.169,SVG,"(1, 1500)",1500.0,,100
IT-SI,IT-SI.jpg,76.23,JPG,"(755, 1200)",1.59,,4.28
IT-SO,IT-SO.svg,207.015,SVG,"(533, 800)",1.5,,100
IT-SP,IT-SP.svg,379.412,SVG,"(794, 1123)",1.41,,100
IT-SR,IT-SR.svg,469.916,SVG,"(400, 600)",1.5,,100
IT-SS,IT-SS.svg,15.194,SVG,"(255, 400)",1.57,,100
IT-SU,IT-SU.svg,6.889,SVG,"(600, 895)",1.49,,30
IT-SV,IT-SV.svg,370.927,SVG,"(756, 1134)",1.5,,100
IT-TA,IT-TA.svg,0.365,SVG,"(800, 1180)",1.48,,4
IT-TE,IT-TE.png,6.99,PNG,"(183, 275)",1.5,,68.78
IT-TN,IT-TN.svg,63.09,SVG,"(709, 1063)",1.5,,100
IT-TO,IT-TO.svg,194.451,SVG,"(227, 339)",1.49,,100
IT-TP,IT-TP.svg,1466.547,SVG,"(400, 600)",1.5,,100
IT-TR,IT-TR.svg,2.003,SVG,"(801, 1180)",1.47,,4
IT-TS,IT-TS.png,118.437,PNG,"(706, 1060)",1.5,,7.93
IT-TV,IT-TV.svg,1089.991,SVG,"(400, 600)",1.5,,100
IT-UD,IT-UD.svg,0.22,SVG,"(333, 500)",1.5,,4
IT-VA,IT-VA.svg,123.43,SVG,"(608, 908)",1.49,,100
IT-VB,IT-VB.svg,345.97,SVG,"(1, 1500)",1500.0,,100
IT-VC,IT-VC.png,37.151,PNG,"(401, 601)",1.5,,16.71
IT-VE,IT-VE.svg,246.689,SVG,"(500, 1000)",2.0,,100
IT-VI,IT-VI.png,5.15,PNG,"(183, 275)",1.5,,30.25
IT-VR,IT-VR.svg,2.703,SVG,"(2133, 3200)",1.5,,26
IT-VT,IT-VT.jpeg,4.596,JPEG,"(183, 275)",1.5,,39.36
IT-VV,IT-VV.svg,495.522,SVG,"(400, 600)",1.5,,100
JP-01,JP-01.svg,0.855,SVG,"(840, 1260)",1.5,,6
JP-02,JP-02.svg,2.846,SVG,"(280, 400)",1.43,,4
JP-03,JP-03.svg,0.454,SVG,"(600, 900)",1.5,,6
JP-04,JP-04.svg,0.961,SVG,"(1000, 1500)",1.5,,6
JP-05,JP-05.svg,0.618,SVG,"(700, 1000)",1.43,,4
JP-06,JP-06.svg,0.38,SVG,"(400, 600)",1.5,,4
JP-07,JP-07.svg,0.659,SVG,"(600, 900)",1.5,,6
JP-08,JP-08.svg,1.225,SVG,"(2, 3)",1.5,,4
JP-09,JP-09.svg,0.628,SVG,"(630, 900)",1.43,,8
JP-10,JP-10.svg,1.368,SVG,"(600, 900)",1.5,,16
JP-11,JP-11.svg,0.972,SVG,"(600, 900)",1.5,,4
JP-12,JP-12.svg,0.732,SVG,"(600, 900)",1.5,,6
JP-13,JP-13.svg,0.482,SVG,"(600, 900)",1.5,,10
JP-14,JP-14.svg,0.322,SVG,"(600, 900)",1.5,,4
JP-15,JP-15.svg,1.713,SVG,"(720, 1000)",1.39,,4
JP-16,JP-16.svg,1.034,SVG,"(600, 900)",1.5,,8
JP-17,JP-17.svg,1.401,SVG,"(310, 440)",1.42,,6
JP-18,JP-18.svg,0.686,SVG,"(600, 900)",1.5,,4
JP-19,JP-19.svg,0.854,SVG,"(700, 1000)",1.43,,12
JP-20,JP-20.svg,0.261,SVG,"(600, 900)",1.5,,6
JP-21,JP-21.svg,1.492,SVG,"(600, 900)",1.5,,6
JP-22,JP-22.svg,0.91,SVG,"(600, 900)",1.5,,4
JP-23,JP-23.svg,3.635,SVG,"(700, 1000)",1.43,,6
JP-24,JP-24.svg,0.494,SVG,"(515, 728)",1.41,,6
JP-25,JP-25.svg,0.846,SVG,"(600, 900)",1.5,,4
JP-26,JP-26.svg,1.183,SVG,"(660, 924)",1.4,,10
JP-27,JP-27.svg,0.578,SVG,"(600, 900)",1.5,,6
JP-28,JP-28.svg,1.75,SVG,"(210, 298)",1.42,,8
JP-29,JP-29.svg,0.602,SVG,"(800, 1200)",1.5,,10
JP-30,JP-30.svg,0.283,SVG,"(600, 900)",1.5,,4
JP-31,JP-31.svg,0.443,SVG,"(840, 1260)",1.5,,4
JP-32,JP-32.svg,0.435,SVG,"(600, 900)",1.5,,4
JP-33,JP-33.svg,1.512,SVG,"(900, 1350)",1.5,,6
JP-34,JP-34.svg,0.35,SVG,"(600, 900)",1.5,,4
JP-35,JP-35.svg,0.321,SVG,"(600, 900)",1.5,,4
JP-36,JP-36.svg,0.343,SVG,"(630, 900)",1.43,,10
JP-37,JP-37.svg,0.382,SVG,"(600, 900)",1.5,,8
JP-38,JP-38.svg,0.835,SVG,"(200, 300)",1.5,,6
JP-39,JP-39.svg,0.369,SVG,"(600, 900)",1.5,,4
JP-40,JP-40.svg,0.765,SVG,"(640, 915)",1.43,,4
JP-41,JP-41.svg,0.832,SVG,"(600, 900)",1.5,,8
JP-42,JP-42.svg,1.661,SVG,"(533, 800)",1.5,,6
JP-43,JP-43.svg,0.263,SVG,"(600, 900)",1.5,,4
JP-44,JP-44.svg,0.49,SVG,"(630, 900)",1.43,,8
JP-45,JP-45.svg,0.251,SVG,"(1000, 1400)",1.4,,4
JP-46,JP-46.svg,0.364,SVG,"(600, 900)",1.5,,6
JP-47,JP-47.svg,0.311,SVG,"(700, 1050)",1.5,,8
KE-01,KE-01.png,8.742,PNG,"(216, 324)",1.5,,12.7
KE-02,KE-02.png,273.589,PNG,"(640, 960)",1.5,,15.38
KE-03,KE-03.png,6.782,PNG,"(216, 360)",1.67,,15.0
KE-04,KE-04.svg,7.252,SVG,"(600, 900)",1.5,,60
KE-05,KE-05.png,6.956,PNG,"(216, 324)",1.5,,41.71
KE-06,KE-06.png,4.356,PNG,"(216, 324)",1.5,,12.25
KE-07,KE-07.png,5.225,PNG,"(216, 324)",1.5,,18.74
KE-08,KE-08.png,16.269,PNG,"(216, 324)",1.5,,13.66
KE-09,KE-09.png,3.758,PNG,"(216, 324)",1.5,,20.15
KE-10,KE-10.png,19.936,PNG,"(216, 324)",1.5,,100
KE-11,KE-11.png,8.517,PNG,"(216, 324)",1.5,,39.19
KE-12,KE-12.png,5.213,PNG,"(216, 324)",1.5,,26.75
KE-13,KE-13.svg,19.825,SVG,"(794, 1123)",1.41,,100
KE-14,KE-14.png,11.235,PNG,"(216, 358)",1.66,,29.14
KE-15,KE-15.png,12.266,PNG,"(216, 384)",1.78,,22.87
KE-16,KE-16.png,8.62,PNG,"(216, 324)",1.5,,67.75
KE-17,KE-17.png,8.14,PNG,"(180, 270)",1.5,,88.42
KE-18,KE-18.png,17.347,PNG,"(216, 432)",2.0,,14.21
KE-19,KE-19.svg,9.813,SVG,"(368, 618)",1.68,,66
KE-20,KE-20.png,270.127,PNG,"(489, 750)",1.53,,21.07
KE-21,KE-21.png,7.703,PNG,"(216, 360)",1.67,,19.79
KE-22,KE-22.png,14.876,PNG,"(216, 360)",1.67,,51.13
KE-23,KE-23.png,14.178,PNG,"(216, 324)",1.5,,45.71
KE-24,KE-24.svg,2.925,SVG,"(820, 1366)",1.67,,38
KE-25,KE-25.png,17.228,PNG,"(216, 360)",1.67,,14.43
KE-26,KE-26.png,101.632,PNG,"(272, 434)",1.6,,7.06
KE-27,KE-27.png,8.271,PNG,"(216, 307)",1.42,,42.14
KE-28,KE-28.svg,101.934,SVG,"(216, 324)",1.5,,100
KE-29,KE-29.png,11.124,PNG,"(216, 360)",1.67,,34.24
KE-30,KE-30.svg,0.976,SVG,"(1100, 1650)",1.5,,10
KE-31,KE-31.png,4.845,PNG,"(216, 324)",1.5,,9.83
KE-32,KE-32.png,14.522,PNG,"(216, 360)",1.67,,98.71
KE-33,KE-33.png,5.396,PNG,"(216, 324)",1.5,,33.11
KE-34,KE-34.png,4.438,PNG,"(216, 360)",1.67,,16.08
KE-35,KE-35.png,159.334,PNG,"(347, 500)",1.44,,14.54
KE-36,KE-36.png,4.51,PNG,"(216, 360)",1.67,,26.61
KE-37,KE-37.png,30.346,PNG,"(225, 439)",1.95,,25.65
KE-38,KE-38.png,7.591,PNG,"(183, 275)",1.5,,29.37
KE-39,KE-39.png,79.651,PNG,"(327, 649)",1.98,,47.47
KE-40,KE-40.png,12.284,PNG,"(216, 432)",2.0,,67.56
KE-41,KE-41.png,7.65,PNG,"(216, 324)",1.5,,7.17
KE-42,KE-42.png,7.742,PNG,"(216, 324)",1.5,,36.07
KE-43,KE-43.png,3.888,PNG,"(216, 334)",1.55,,21.6
KE-44,KE-44.png,4.793,PNG,"(216, 324)",1.5,,25.58
KE-45,KE-45.svg,0.334,SVG,"(300, 500)",1.67,,8
KE-46,KE-46.svg,0.424,SVG,"(300, 500)",1.67,,10
KE-47,KE-47.png,11.317,PNG,"(216, 360)",1.67,,23.43
KG-B,KG-B.svg,15.938,SVG,"(300, 600)",2.0,,54
KG-C,KG-C.svg,17.191,SVG,"(227, 454)",2.0,,26
KG-GB,KG-GB.svg,6.679,SVG,"(400, 600)",1.5,,12
KG-GO,KG-GO.svg,8.876,SVG,"(300, 600)",2.0,,12
KG-J,KG-J.png,2778.625,PNG,"(1080, 1800)",1.67,,3.0
KG-N,KG-N.svg,25.235,SVG,"(400, 600)",1.5,,92
KG-O,KG-O.svg,8.876,SVG,"(300, 600)",2.0,,12
KG-T,KG-T.svg,4.871,SVG,"(227, 454)",2.0,,16
KG-Y,KG-Y.svg,14.253,SVG,"(400, 563)",1.41,,70
KM-A,KM-A.svg,0.502,SVG,"(400, 600)",1.5,,8
KM-G,KM-G.svg,1.2,SVG,"(487, 731)",1.5,,6
KM-M,KM-M.svg,0.457,SVG,"(400, 600)",1.5,,4
KN-N,KN-N.svg,1.07,SVG,"(900, 1350)",1.5,,20
KR-11,KR-11.svg,14.031,SVG,"(400, 600)",1.5,,12
KR-26,KR-26.svg,9.373,SVG,"(800, 1200)",1.5,,14
KR-27,KR-27.svg,3.052,SVG,"(800, 1200)",1.5,,4
KR-28,KR-28.svg,3.901,SVG,"(900, 1350)",1.5,,28
KR-29,KR-29.svg,3.309,SVG,"(800, 1200)",1.5,,20
KR-30,KR-30.svg,2.221,SVG,"(800, 1200)",1.5,,18
KR-31,KR-31.svg,3.58,SVG,"(3024, 4535)",1.5,,8
KR-41,KR-41.svg,2.111,SVG,"(900, 1350)",1.5,,22
KR-42,KR-42.svg,7.302,SVG,"(900, 1350)",1.5,,18
KR-43,KR-43.svg,3.642,SVG,"(800, 1200)",1.5,,22
KR-44,KR-44.svg,19.85,SVG,"(401, 601)",1.5,,86
KR-45,KR-45.svg,5.246,SVG,"(900, 1350)",1.5,,32
KR-46,KR-46.svg,10.078,SVG,"(339, 509)",1.5,,14
KR-47,KR-47.svg,7.384,SVG,"(777, 1160)",1.49,,6
KR-48,KR-48.svg,10.96,SVG,"(777, 1160)",1.49,,18
KR-49,KR-49.svg,21.961,SVG,"(273, 414)",1.52,,26
KR-50,KR-50.svg,15.32,SVG,"(400, 600)",1.5,,40
KW-AH,KW-AH.png,14.377,PNG,"(216, 288)",1.33,,34.71
KW-MU,KW-MU.png,12.445,PNG,"(216, 288)",1.33,,48.7
KZ-19,KZ-19.png,11.515,PNG,"(150, 300)",2.0,,53.06
KZ-23,KZ-23.svg,36.138,SVG,"(216, 432)",2.0,,90
KZ-35,KZ-35.svg,27.987,SVG,"(216, 324)",1.5,,100
KZ-39,KZ-39.png,93.078,PNG,"(427, 947)",2.22,,31.23
KZ-43,KZ-43.jpg,39.036,JPG,"(402, 720)",1.79,,5.93
KZ-55,KZ-55.svg,30.156,SVG,"(227, 454)",2.0,,50
KZ-71,KZ-71.svg,45.677,SVG,"(170, 340)",2.0,,70
KZ-75,KZ-75.svg,109.514,SVG,"(227, 454)",2.0,,100
LI-01,LI-01.svg,0.434,SVG,"(2400, 600)",0.25,,6
LI-02,LI-02.svg,8.136,SVG,"(2400, 600)",0.25,,4
LI-03,LI-03.svg,0.434,SVG,"(2400, 600)",0.25,,6
LI-04,LI-04.svg,0.365,SVG,"(2400, 600)",0.25,,4
LI-05,LI-05.svg,0.769,SVG,"(2400, 600)",0.25,,6
LI-06,LI-06.svg,0.433,SVG,"(2400, 600)",0.25,,6
LI-07,LI-07.svg,0.434,SVG,"(2400, 600)",0.25,,6
LI-08,LI-08.svg,0.498,SVG,"(2400, 600)",0.25,,8
LI-09,LI-09.svg,0.371,SVG,"(2400, 600)",0.25,,4
LI-10,LI-10.svg,0.373,SVG,"(2400, 600)",0.25,,4
LI-11,LI-11.svg,0.432,SVG,"(2400, 600)",0.25,,6
LK-1,LK-1.png,33.097,PNG,"(160, 340)",2.12,,97.13
LK-2,LK-2.png,12.307,PNG,"(216, 324)",1.5,,100
LK-3,LK-3.png,14.23,PNG,"(216, 359)",1.66,,77.91
LK-4,LK-4.svg,1.272,SVG,"(360, 630)",1.75,,12
LK-5,LK-5.png,263.444,PNG,"(509, 813)",1.6,,20.62
LK-6,LK-6.svg,50.764,SVG,"(400, 800)",2.0,,100
LK-7,LK-7.png,223.497,PNG,"(1960, 3264)",1.67,,11.59
LK-8,LK-8.svg,47.559,SVG,"(630, 900)",1.43,,100
LK-9,LK-9.png,16.677,PNG,"(216, 345)",1.6,,100
LR-BG,LR-BG.svg,11.108,SVG,"(2400, 4000)",1.67,,36
LR-BM,LR-BM.svg,29.556,SVG,"(2400, 4000)",1.67,,44
LR-CM,LR-CM.svg,6.922,SVG,"(2400, 4000)",1.67,,34
LR-GB,LR-GB.svg,6.681,SVG,"(2400, 4000)",1.67,,34
LR-GG,LR-GG.svg,9.44,SVG,"(2400, 4000)",1.67,,52
LR-GK,LR-GK.svg,8.945,SVG,"(2400, 4000)",1.67,,62
LR-GP,LR-GP.svg,9.262,SVG,"(2400, 4000)",1.67,,46
LR-LO,LR-LO.svg,3.675,SVG,"(660, 1100)",1.67,,22
LR-MG,LR-MG.svg,2.367,SVG,"(2400, 4000)",1.67,,32
LR-MO,LR-MO.svg,22.076,SVG,"(2400, 4000)",1.67,,46
LR-MY,LR-MY.svg,27.929,SVG,"(2400, 4000)",1.67,,80
LR-NI,LR-NI.svg,25.69,SVG,"(2400, 4000)",1.67,,68
LR-RG,LR-RG.svg,44.826,SVG,"(1800, 2700)",1.5,,100
LR-RI,LR-RI.svg,12.564,SVG,"(2400, 4000)",1.67,,50
LR-SI,LR-SI.svg,0.938,SVG,"(2400, 4000)",1.67,,14
LT-01,LT-01.svg,50.586,SVG,"(648, 1080)",1.67,,18
LT-02,LT-02.png,3.124,PNG,"(100, 200)",2.0,,46.34
LT-03,LT-03.jpg,276.489,JPG,"(969, 1510)",1.56,,3.85
LT-04,LT-04.svg,70.159,SVG,"(265, 525)",1.98,,100
LT-05,LT-05.png,6.937,PNG,"(250, 290)",1.16,,46.77
LT-06,LT-06.png,187.425,PNG,"(1200, 2000)",1.67,,11.84
LT-07,LT-07.png,46.967,PNG,"(417, 690)",1.65,,67.11
LT-08,LT-08.svg,6.048,SVG,"(1461, 2204)",1.51,,44
LT-09,LT-09.svg,11.696,SVG,"(216, 360)",1.67,,88
LT-10,LT-10.svg,31.317,SVG,"(500, 950)",1.9,,8
LT-11,LT-11.png,12.392,PNG,"(150, 285)",1.9,,79.72
LT-12,LT-12.png,32.72,PNG,"(283, 502)",1.77,,14.06
LT-13,LT-13.png,6.439,PNG,"(250, 237)",0.95,,71.51
LT-14,LT-14.png,13.731,PNG,"(250, 239)",0.96,,47.41
LT-15,LT-15.svg,19.476,SVG,"(800, 1200)",1.5,,12
LT-16,LT-16.png,44.995,PNG,"(983, 1300)",1.32,,8.08
LT-17,LT-17.png,11.514,PNG,"(250, 288)",1.15,,35.86
LT-18,LT-18.png,6.433,PNG,"(250, 236)",0.94,,47.24
LT-19,LT-19.png,434.502,PNG,"(1500, 2000)",1.33,,6.48
LT-20,LT-20.svg,22.145,SVG,"(454, 454)",1.0,,12
LT-21,LT-21.png,7.92,PNG,"(150, 221)",1.47,,65.69
LT-22,LT-22.png,52.572,PNG,"(588, 1000)",1.7,,11.38
LT-23,LT-23.png,199.045,PNG,"(724, 1421)",1.96,,10.5
LT-24,LT-24.png,191.238,PNG,"(1440, 2560)",1.78,,5.71
LT-25,LT-25.svg,37.228,SVG,"(430, 862)",2.0,,14
LT-26,LT-26.png,129.515,PNG,"(1000, 1501)",1.5,,12.04
LT-27,LT-27.png,365.167,PNG,"(445, 710)",1.6,,65.29
LT-28,LT-28.svg,5.924,SVG,"(284, 324)",1.14,,40
LT-29,LT-29.png,222.775,PNG,"(1500, 2500)",1.67,,12.62
LT-30,LT-30.png,203.725,PNG,"(800, 1200)",1.5,,8.83
LT-31,LT-31.jpg,304.508,JPG,"(1329, 2360)",1.78,,0.7
LT-32,LT-32.svg,43.181,SVG,"(550, 600)",1.09,,100
LT-33,LT-33.svg,33.082,SVG,"(1807, 2185)",1.21,,100
LT-34,LT-34.png,196.187,PNG,"(1471, 2450)",1.67,,11.53
LT-35,LT-35.svg,56.008,SVG,"(648, 1080)",1.67,,24
LT-36,LT-36.png,11.476,PNG,"(180, 180)",1.0,,100
LT-37,LT-37.svg,65.412,SVG,"(161, 323)",2.01,,98
LT-38,LT-38.jpg,395.254,JPG,"(1316, 2360)",1.79,,7.21
LT-39,LT-39.png,160.218,PNG,"(769, 1000)",1.3,,14.35
LT-40,LT-40.svg,32.723,SVG,"(600, 1000)",1.67,,42
LT-41,LT-41.png,113.675,PNG,"(1500, 2000)",1.33,,8.44
LT-42,LT-42.png,122.564,PNG,"(898, 1348)",1.5,,11.69
LT-43,LT-43.svg,31.424,SVG,"(400, 500)",1.25,,50
LT-44,LT-44.png,169.436,PNG,"(991, 1200)",1.21,,14.33
LT-45,LT-45.svg,68.754,SVG,"(1500, 3000)",2.0,,20
LT-46,LT-46.png,38.102,PNG,"(455, 904)",1.99,,31.41
LT-47,LT-47.svg,5.617,SVG,"(850, 1417)",1.67,,38
LT-48,LT-48.png,6.354,PNG,"(150, 285)",1.9,,43.13
LT-49,LT-49.svg,23.918,SVG,"(648, 1080)",1.67,,100
LT-50,LT-50.png,71.221,PNG,"(480, 746)",1.55,,32.64
LT-51,LT-51.svg,22.481,SVG,"(382, 458)",1.2,,24
LT-52,LT-52.svg,19.489,SVG,"(945, 1134)",1.2,,66
LT-53,LT-53.svg,81.937,SVG,"(1000, 1600)",1.6,,100
LT-54,LT-54.svg,6.897,SVG,"(216, 360)",1.67,,10
LT-55,LT-55.svg,259.906,SVG,"(648, 1080)",1.67,,100
LT-56,LT-56.svg,18.798,SVG,"(600, 1000)",1.67,,18
LT-57,LT-57.svg,78.948,SVG,"(400, 600)",1.5,,100
LT-58,LT-58.svg,38.153,SVG,"(418, 500)",1.2,,76
LT-59,LT-59.svg,173.94,SVG,"(618, 1092)",1.77,,18
LT-60,LT-60.png,113.966,PNG,"(720, 1280)",1.78,,24.52
LT-AL,LT-AL.svg,13.509,SVG,"(389, 466)",1.2,,100
LT-KL,LT-KL.svg,14.835,SVG,"(382, 458)",1.2,,100
LT-KU,LT-KU.svg,8.828,SVG,"(382, 458)",1.2,,36
LT-MR,LT-MR.svg,33.819,SVG,"(1807, 2185)",1.21,,76
LT-PN,LT-PN.png,100.512,PNG,"(847, 1024)",1.21,,30.94
LT-SA,LT-SA.svg,5.2,SVG,"(450, 545)",1.21,,48
LT-TA,LT-TA.png,65.106,PNG,"(388, 465)",1.2,,36.51
LT-TE,LT-TE.png,56.917,PNG,"(406, 486)",1.2,,24.03
LT-UT,LT-UT.svg,10.025,SVG,"(450, 545)",1.21,,24
LT-VL,LT-VL.svg,14.827,SVG,"(382, 458)",1.2,,100
LU-WI,LU-WI.svg,0.521,SVG,"(600, 900)",1.5,,4
LV-002,LV-002.png,7204.76,PNG,"(960, 1920)",2.0,,5.15
LV-007,LV-007.png,7189.748,PNG,"(958, 1920)",2.0,,4.03
LV-011,LV-011.svg,34.781,SVG,"(800, 1600)",2.0,,10
LV-015,LV-015.png,5404.477,PNG,"(960, 1920)",2.0,,2.55
LV-016,LV-016.png,182.19,PNG,"(1800, 3600)",2.0,,4.13
LV-022,LV-022.svg,72.299,SVG,"(750, 1500)",2.0,,20
LV-026,LV-026.png,10.005,PNG,"(214, 429)",2.0,,36.62
LV-033,LV-033.png,28.138,PNG,"(225, 450)",2.0,,10.88
LV-041,LV-041.svg,104.724,SVG,"(500, 1000)",2.0,,18
LV-042,LV-042.svg,24.853,SVG,"(800, 1600)",2.0,,28
LV-047,LV-047.png,5.715,PNG,"(214, 429)",2.0,,25.5
LV-050,LV-050.svg,18.417,SVG,"(217, 434)",2.0,,74
LV-052,LV-052.svg,2.342,SVG,"(None, None)",,,18
LV-054,LV-054.png,62.541,PNG,"(615, 1239)",2.01,,18.25
LV-056,LV-056.png,13.524,PNG,"(283, 567)",2.0,,24.88
LV-058,LV-058.png,7.088,PNG,"(216, 431)",2.0,,30.71
LV-059,LV-059.png,4.985,PNG,"(216, 404)",1.87,,29.62
LV-062,LV-062.svg,79.578,SVG,"(500, 1000)",2.0,,12
LV-067,LV-067.png,6.878,PNG,"(216, 431)",2.0,,22.41
LV-068,LV-068.png,8.846,PNG,"(216, 433)",2.0,,18.52
LV-073,LV-073.png,6.936,PNG,"(216, 433)",2.0,,12.3
LV-077,LV-077.svg,19.869,SVG,"(350, 700)",2.0,,90
LV-080,LV-080.svg,12.005,SVG,"(600, 1200)",2.0,,12
LV-087,LV-087.jpg,13.338,JPG,"(247, 493)",2.0,,21.0
LV-088,LV-088.png,113.622,PNG,"(444, 897)",2.02,,4.12
LV-089,LV-089.png,8.817,PNG,"(216, 433)",2.0,,13.38
LV-091,LV-091.png,7.445,PNG,"(216, 433)",2.0,,21.43
LV-094,LV-094.png,112.282,PNG,"(2100, 4200)",2.0,,2.42
LV-097,LV-097.svg,1245.471,SVG,"(800, 1600)",2.0,,6
LV-099,LV-099.png,11.191,PNG,"(216, 430)",1.99,,52.31
LV-101,LV-101.png,11.167,PNG,"(216, 433)",2.0,,31.7
LV-102,LV-102.png,22.654,PNG,"(216, 432)",2.0,,27.76
LV-106,LV-106.svg,9.068,SVG,"(800, 1600)",2.0,,24
LV-111,LV-111.svg,99.524,SVG,"(600, 900)",1.5,,20
LV-112,LV-112.jpeg,44.173,JPEG,"(200, 400)",2.0,,39.27
LV-113,LV-113.svg,97.194,SVG,"(500, 1000)",2.0,,70
LV-DGV,LV-DGV.png,232.287,PNG,"(1181, 2363)",2.0,,7.98
LV-JEL,LV-JEL.svg,89.923,SVG,"(579, 1158)",2.0,,100
LV-JUR,LV-JUR.svg,22.603,SVG,"(500, 1000)",2.0,,68
LV-LPX,LV-LPX.svg,82.923,SVG,"(500, 875)",1.75,,80
LV-REZ,LV-REZ.svg,80.516,SVG,"(400, 800)",2.0,,18
LV-RIX,LV-RIX.svg,59.053,SVG,"(425, 850)",2.0,,100
LV-VEN,LV-VEN.svg,23.816,SVG,"(215, 430)",2.0,,52
MA-07,MA-07.svg,12.18,SVG,"(600, 900)",1.5,,8
MD-AN,MD-AN.png,6.334,PNG,"(132, 195)",1.48,,63.99
MD-BA,MD-BA.png,81.483,PNG,"(956, 1920)",2.01,,7.13
MD-BD,MD-BD.jpeg,62.322,JPEG,"(420, 588)",1.4,,96.98
MD-BR,MD-BR.svg,0.471,SVG,"(300, 450)",1.5,,4
MD-BS,MD-BS.png,4.048,PNG,"(216, 324)",1.5,,6.89
MD-CA,MD-CA.svg,0.551,SVG,"(280, 420)",1.5,,4
MD-CL,MD-CL.png,5.952,PNG,"(131, 195)",1.49,,33.97
MD-CM,MD-CM.png,6.424,PNG,"(130, 195)",1.5,,24.33
MD-CR,MD-CR.png,10.063,PNG,"(400, 595)",1.49,,30.43
MD-CS,MD-CS.jpg,9.959,JPG,"(299, 448)",1.5,,22.07
MD-CT,MD-CT.png,5.746,PNG,"(216, 324)",1.5,,49.79
MD-CU,MD-CU.svg,29.067,SVG,"(400, 800)",2.0,,40
MD-DO,MD-DO.png,6.637,PNG,"(150, 225)",1.5,,24.68
MD-DR,MD-DR.png,4.154,PNG,"(131, 195)",1.49,,22.3
MD-DU,MD-DU.svg,5.039,SVG,"(934, 1495)",1.6,,12
MD-ED,MD-ED.svg,4.712,SVG,"(314, 481)",1.53,,6
MD-FA,MD-FA.png,5.469,PNG,"(132, 195)",1.48,,44.26
MD-FL,MD-FL.svg,3.399,SVG,"(371, 558)",1.5,,8
MD-GA,MD-GA.svg,0.697,SVG,"(500, 1000)",2.0,,8
MD-GL,MD-GL.png,5.768,PNG,"(216, 324)",1.5,,23.52
MD-HI,MD-HI.png,4.278,PNG,"(132, 195)",1.48,,20.78
MD-IA,MD-IA.png,4.309,PNG,"(150, 225)",1.5,,19.78
MD-LE,MD-LE.png,147.542,PNG,"(853, 1280)",1.5,,12.58
MD-NI,MD-NI.png,12.205,PNG,"(133, 195)",1.47,,49.36
MD-OC,MD-OC.png,4.048,PNG,"(150, 225)",1.5,,9.37
MD-OR,MD-OR.png,3.977,PNG,"(150, 225)",1.5,,28.11
MD-RE,MD-RE.svg,0.596,SVG,"(300, 450)",1.5,,6
MD-RI,MD-RI.png,3.525,PNG,"(132, 195)",1.48,,22.05
MD-SD,MD-SD.png,4.073,PNG,"(130, 195)",1.5,,26.71
MD-SI,MD-SI.png,10.727,PNG,"(130, 195)",1.5,,77.05
MD-SN,MD-SN.svg,43.516,SVG,"(900, 1800)",2.0,,100
MD-SO,MD-SO.svg,0.569,SVG,"(300, 450)",1.5,,8
MD-ST,MD-ST.png,4.04,PNG,"(131, 195)",1.49,,14.42
MD-SV,MD-SV.png,8.728,PNG,"(130, 195)",1.5,,43.75
MD-TA,MD-TA.png,167.505,PNG,"(853, 1280)",1.5,,30.94
MD-TE,MD-TE.jpg,333.094,JPG,"(1190, 1779)",1.49,,29.38
MD-UN,MD-UN.svg,0.34,SVG,"(300, 450)",1.5,,4
ME-01,ME-01.png,9.836,PNG,"(216, 432)",2.0,,24.93
ME-02,ME-02.png,1.565,PNG,"(389, 775)",1.99,,4.39
ME-03,ME-03.png,23.352,PNG,"(216, 432)",2.0,,15.72
ME-04,ME-04.png,15.369,PNG,"(216, 432)",2.0,,5.15
ME-05,ME-05.png,9.094,PNG,"(216, 432)",2.0,,6.23
ME-06,ME-06.svg,0.777,SVG,"(320, 640)",2.0,,6
ME-07,ME-07.png,22.967,PNG,"(216, 432)",2.0,,16.52
ME-08,ME-08.jpg,20.589,JPG,"(378, 567)",1.5,,34.43
ME-09,ME-09.png,6.309,PNG,"(216, 432)",2.0,,10.69
ME-10,ME-10.jpg,79.166,JPG,"(301, 600)",1.99,,46.51
ME-11,ME-11.png,13.756,PNG,"(216, 432)",2.0,,4.86
ME-12,ME-12.png,6.41,PNG,"(216, 432)",2.0,,3.48
ME-13,ME-13.png,5.314,PNG,"(216, 432)",2.0,,14.35
ME-14,ME-14.png,8.019,PNG,"(330, 660)",2.0,,7.29
ME-15,ME-15.svg,2.942,SVG,"(216, 432)",2.0,,28
ME-16,ME-16.svg,0.858,SVG,"(1200, 2400)",2.0,,6
ME-17,ME-17.svg,24.037,SVG,"(320, 640)",2.0,,38
ME-18,ME-18.svg,3.829,SVG,"(216, 432)",2.0,,40
ME-19,ME-19.svg,4.355,SVG,"(320, 640)",2.0,,10
ME-20,ME-20.svg,58.076,SVG,"(320, 640)",2.0,,100
ME-21,ME-21.png,11.206,PNG,"(216, 432)",2.0,,24.25
ME-22,ME-22.png,7.558,PNG,"(216, 432)",2.0,,1.14
ME-23,ME-23.png,25.866,PNG,"(216, 432)",2.0,,8.59
ME-24,ME-24.svg,43.098,SVG,"(320, 640)",2.0,,64
MH-ALK,MH-ALK.svg,1.124,SVG,"(654, 981)",1.5,,16
MH-ALL,MH-ALL.png,6.022,PNG,"(216, 360)",1.67,,5.33
MH-ARN,MH-ARN.png,37.593,PNG,"(216, 360)",1.67,,4.21
MH-AUR,MH-AUR.jpg,40.851,JPG,"(300, 450)",1.5,,36.4
MH-EBO,MH-EBO.svg,3.207,SVG,"(1600, 2400)",1.5,,22
MH-ENI,MH-ENI.png,13.597,PNG,"(216, 360)",1.67,,36.26
MH-JAB,MH-JAB.jpg,23.354,JPG,"(216, 382)",1.77,,12.26
MH-JAL,MH-JAL.png,15.445,PNG,"(216, 324)",1.5,,57.53
MH-KIL,MH-KIL.png,2.653,PNG,"(221, 420)",1.9,,100
MH-KWA,MH-KWA.svg,5.84,SVG,"(424, 698)",1.65,,24
MH-LAE,MH-LAE.png,27.564,PNG,"(216, 383)",1.77,,2.5
MH-LIB,MH-LIB.png,16.183,PNG,"(257, 488)",1.9,,2.46
MH-MAJ,MH-MAJ.svg,3.897,SVG,"(748, 1455)",1.95,,34
MH-MEJ,MH-MEJ.png,3.334,PNG,"(216, 360)",1.67,,26.32
MH-MIL,MH-MIL.svg,2.604,SVG,"(600, 1140)",1.9,,8
MH-NMK,MH-NMK.svg,7.791,SVG,"(590, 897)",1.52,,24
MH-NMU,MH-NMU.jpg,28.147,JPG,"(216, 347)",1.61,,11.61
MH-RON,MH-RON.jpeg,7.772,JPEG,"(163, 310)",1.9,,64.04
MH-UJA,MH-UJA.svg,13.521,SVG,"(293, 510)",1.74,,32
MH-UTI,MH-UTI.png,7.821,PNG,"(217, 412)",1.9,,31.66
MH-WTH,MH-WTH.svg,0.947,SVG,"(1, 1500)",1500.0,,8
MK-101,MK-101.svg,30.287,SVG,"(400, 800)",2.0,,100
MK-102,MK-102.png,5.073,PNG,"(216, 432)",2.0,,39.71
MK-103,MK-103.svg,85.002,SVG,"(300, 500)",1.67,,100
MK-104,MK-104.svg,3.662,SVG,"(700, 400)",0.57,,20
MK-105,MK-105.svg,53.352,SVG,"(600, 1200)",2.0,,100
MK-106,MK-106.svg,5.575,SVG,"(400, 700)",1.75,,18
MK-107,MK-107.png,3.403,PNG,"(324, 216)",0.67,,3.91
MK-108,MK-108.jpeg,609.729,JPEG,"(544, 886)",1.63,,10.48
MK-109,MK-109.svg,1.25,SVG,"(400, 800)",2.0,,8
MK-201,MK-201.svg,44.797,SVG,"(216, 432)",2.0,,100
MK-202,MK-202.svg,9.294,SVG,"(492, 829)",1.68,,20
MK-203,MK-203.svg,74.897,SVG,"(700, 400)",0.57,,20
MK-204,MK-204.svg,24.502,SVG,"(402, 800)",1.99,,76
MK-205,MK-205.svg,102.174,SVG,"(800, 1600)",2.0,,100
MK-206,MK-206.svg,13.741,SVG,"(600, 1200)",2.0,,32
MK-207,MK-207.svg,6.638,SVG,"(216, 432)",2.0,,12
MK-208,MK-208.svg,28.196,SVG,"(700, 1400)",2.0,,100
MK-209,MK-209.png,43.109,PNG,"(1340, 2000)",1.49,,4.3
MK-210,MK-210.svg,16.312,SVG,"(450, 744)",1.65,,36
MK-211,MK-211.svg,67.219,SVG,"(400, 700)",1.75,,54
MK-301,MK-301.svg,26.882,SVG,"(288, 576)",2.0,,10
MK-303,MK-303.svg,106.581,SVG,"(216, 434)",2.01,,100
MK-304,MK-304.svg,21.988,SVG,"(400, 700)",1.75,,100
MK-307,MK-307.svg,64.137,SVG,"(898, 635)",0.71,,56
MK-308,MK-308.svg,6.683,SVG,"(370, 720)",1.95,,12
MK-310,MK-310.png,9.921,PNG,"(216, 324)",1.5,,8.49
MK-311,MK-311.svg,9.584,SVG,"(216, 432)",2.0,,6
MK-312,MK-312.svg,50.994,SVG,"(432, 216)",0.5,,100
MK-313,MK-313.svg,60.695,SVG,"(300, 600)",2.0,,100
MK-401,MK-401.svg,28.732,SVG,"(483, 875)",1.81,,84
MK-402,MK-402.svg,3.908,SVG,"(216, 475)",2.2,,6
MK-403,MK-403.svg,3.257,SVG,"(1400, 2800)",2.0,,16
MK-404,MK-404.svg,99.894,SVG,"(400, 700)",1.75,,82
MK-405,MK-405.png,33.498,PNG,"(500, 1000)",2.0,,5.12
MK-406,MK-406.png,4.035,PNG,"(216, 432)",2.0,,24.61
MK-407,MK-407.svg,57.576,SVG,"(216, 432)",2.0,,100
MK-408,MK-408.svg,9.975,SVG,"(567, 1134)",2.0,,40
MK-409,MK-409.svg,17.633,SVG,"(1406, 2131)",1.52,,4
MK-410,MK-410.svg,44.506,SVG,"(400, 200)",0.5,,84
MK-501,MK-501.svg,5.909,SVG,"(520, 870)",1.67,,12
MK-502,MK-502.svg,35.5,SVG,"(1200, 600)",0.5,,100
MK-503,MK-503.svg,50.362,SVG,"(500, 1000)",2.0,,66
MK-504,MK-504.svg,41.26,SVG,"(879, 1567)",1.78,,100
MK-505,MK-505.svg,546.951,SVG,"(650, 360)",0.55,,100
MK-506,MK-506.svg,11.796,SVG,"(400, 800)",2.0,,86
MK-507,MK-507.svg,20.492,SVG,"(216, 432)",2.0,,50
MK-508,MK-508.svg,35.548,SVG,"(800, 400)",0.5,,100
MK-509,MK-509.svg,31.021,SVG,"(220, 400)",1.82,,100
MK-601,MK-601.svg,34.093,SVG,"(420, 780)",1.86,,12
MK-602,MK-602.svg,24.968,SVG,"(601, 300)",0.5,,100
MK-603,MK-603.svg,18.266,SVG,"(248, 445)",1.79,,100
MK-604,MK-604.png,3.098,PNG,"(216, 432)",2.0,,18.23
MK-605,MK-605.svg,50.597,SVG,"(261, 515)",1.97,,100
MK-606,MK-606.svg,41.493,SVG,"(216, 432)",2.0,,100
MK-607,MK-607.svg,27.367,SVG,"(300, 600)",2.0,,100
MK-608,MK-608.svg,37.15,SVG,"(300, 500)",1.67,,56
MK-609,MK-609.svg,0.511,SVG,"(378, 576)",1.52,,6
MK-701,MK-701.svg,22.358,SVG,"(500, 1000)",2.0,,82
MK-702,MK-702.svg,210.858,SVG,"(318, 640)",2.01,,100
MK-703,MK-703.svg,44.926,SVG,"(300, 500)",1.67,,8
MK-704,MK-704.svg,0.805,SVG,"(250, 500)",2.0,,12
MK-705,MK-705.svg,27.271,SVG,"(247, 448)",1.81,,100
MK-706,MK-706.svg,233.371,SVG,"(324, 216)",0.67,,100
MK-801,MK-801.svg,304.122,SVG,"(260, 515)",1.98,,40
MK-802,MK-802.svg,3.643,SVG,"(450, 860)",1.91,,12
MK-803,MK-803.svg,45.498,SVG,"(216, 432)",2.0,,22
MK-804,MK-804.svg,734.711,SVG,"(600, 1000)",1.67,,10
MK-805,MK-805.svg,16.883,SVG,"(700, 1052)",1.5,,14
MK-806,MK-806.svg,40.24,SVG,"(216, 360)",1.67,,100
MK-807,MK-807.svg,15.629,SVG,"(700, 400)",0.57,,28
MK-808,MK-808.svg,8.26,SVG,"(500, 800)",1.6,,32
MK-809,MK-809.svg,17.725,SVG,"(216, 432)",2.0,,36
MK-810,MK-810.svg,42.126,SVG,"(216, 432)",2.0,,100
MK-811,MK-811.svg,20.362,SVG,"(920, 482)",0.52,,38
MK-812,MK-812.svg,69.513,SVG,"(800, 1600)",2.0,,100
MK-813,MK-813.png,113.061,PNG,"(1250, 2083)",1.67,,5.12
MK-814,MK-814.png,3.337,PNG,"(216, 360)",1.67,,17.46
MK-815,MK-815.svg,3.192,SVG,"(400, 700)",1.75,,10
MK-816,MK-816.png,37.807,PNG,"(400, 800)",2.0,,4.77
MK-817,MK-817.svg,18.186,SVG,"(300, 600)",2.0,,34
MM-01,MM-01.svg,31.844,SVG,"(200, 300)",1.5,,100
MM-02,MM-02.png,20.883,PNG,"(225, 338)",1.5,,36.81
MM-03,MM-03.svg,21.794,SVG,"(400, 600)",1.5,,100
MM-04,MM-04.svg,42.021,SVG,"(400, 600)",1.5,,100
MM-05,MM-05.png,820.76,PNG,"(1707, 2560)",1.5,,0.75
MM-06,MM-06.svg,128.627,SVG,"(600, 900)",1.5,,100
MM-07,MM-07.svg,271.97,SVG,"(600, 900)",1.5,,100
MM-11,MM-11.svg,194.475,SVG,"(1500, 2250)",1.5,,100
MM-12,MM-12.svg,52.892,SVG,"(600, 900)",1.5,,100
MM-13,MM-13.svg,1.363,SVG,"(300, 600)",2.0,,8
MM-14,MM-14.svg,42.646,SVG,"(200, 300)",1.5,,100
MM-15,MM-15.svg,150.209,SVG,"(200, 300)",1.5,,6
MM-16,MM-16.svg,9.72,SVG,"(600, 900)",1.5,,10
MM-17,MM-17.svg,0.402,SVG,"(600, 900)",1.5,,8
MM-18,MM-18.svg,55.867,SVG,"(400, 600)",1.5,,100
MN-035,MN-035.svg,5.769,SVG,"(675, 1350)",2.0,,12
MN-037,MN-037.svg,11.38,SVG,"(500, 1000)",2.0,,26
MN-039,MN-039.svg,38.452,SVG,"(750, 1500)",2.0,,72
MN-041,MN-041.svg,35.41,SVG,"(1000, 2000)",2.0,,100
MN-043,MN-043.svg,9.611,SVG,"(350, 700)",2.0,,26
MN-046,MN-046.svg,14.425,SVG,"(750, 1500)",2.0,,20
MN-047,MN-047.svg,9.133,SVG,"(400, 800)",2.0,,10
MN-049,MN-049.svg,7.553,SVG,"(1000, 2300)",2.3,,18
MN-051,MN-051.svg,44.182,SVG,"(600, 1400)",2.33,,100
MN-053,MN-053.svg,31.939,SVG,"(800, 1600)",2.0,,78
MN-055,MN-055.svg,18.301,SVG,"(300, 345)",1.15,,100
MN-057,MN-057.svg,33.755,SVG,"(1000, 2000)",2.0,,66
MN-059,MN-059.svg,43.239,SVG,"(800, 1600)",2.0,,98
MN-061,MN-061.svg,22.248,SVG,"(1500, 3000)",2.0,,32
MN-063,MN-063.svg,15.762,SVG,"(1000, 2000)",2.0,,14
MN-064,MN-064.svg,11.674,SVG,"(600, 1200)",2.0,,24
MN-065,MN-065.svg,25.766,SVG,"(800, 1600)",2.0,,84
MN-067,MN-067.svg,36.858,SVG,"(300, 600)",2.0,,100
MN-069,MN-069.png,6.105,PNG,"(202, 352)",1.74,,54.13
MN-071,MN-071.svg,2.162,SVG,"(300, 600)",2.0,,6
MN-073,MN-073.png,127.788,PNG,"(400, 800)",2.0,,36.06
MN-1,MN-1.svg,177.007,SVG,"(300, 600)",2.0,,100
MT-01,MT-01.svg,0.298,SVG,"(120, 180)",1.5,,6
MT-02,MT-02.svg,0.252,SVG,"(120, 180)",1.5,,6
MT-03,MT-03.svg,45.662,SVG,"(400, 600)",1.5,,100
MT-04,MT-04.svg,116.18,SVG,"(400, 600)",1.5,,100
MT-05,MT-05.png,2.561,PNG,"(125, 188)",1.5,,41.83
MT-06,MT-06.svg,62.896,SVG,"(400, 600)",1.5,,100
MT-07,MT-07.svg,0.364,SVG,"(120, 180)",1.5,,8
MT-08,MT-08.svg,0.466,SVG,"(600, 900)",1.5,,6
MT-09,MT-09.svg,24.566,SVG,"(567, 850)",1.5,,100
MT-10,MT-10.svg,1.013,SVG,"(400, 600)",1.5,,6
MT-11,MT-11.svg,1.365,SVG,"(156, 235)",1.51,,4
MT-12,MT-12.svg,26.39,SVG,"(400, 600)",1.5,,100
MT-13,MT-13.svg,1.176,SVG,"(125, 188)",1.5,,14
MT-14,MT-14.svg,1.643,SVG,"(400, 600)",1.5,,18
MT-15,MT-15.svg,2.335,SVG,"(125, 188)",1.5,,6
MT-16,MT-16.svg,54.229,SVG,"(400, 600)",1.5,,86
MT-17,MT-17.svg,0.625,SVG,"(1600, 2585)",1.62,,8
MT-18,MT-18.svg,0.176,SVG,"(120, 180)",1.5,,4
MT-19,MT-19.svg,114.082,SVG,"(600, 1000)",1.67,,100
MT-20,MT-20.svg,1.757,SVG,"(400, 600)",1.5,,12
MT-21,MT-21.png,7.404,PNG,"(258, 386)",1.5,,14.72
MT-22,MT-22.svg,0.915,SVG,"(500, 720)",1.44,,16
MT-23,MT-23.svg,0.288,SVG,"(200, 300)",1.5,,6
MT-24,MT-24.svg,5.64,SVG,"(400, 600)",1.5,,40
MT-25,MT-25.svg,0.194,SVG,"(120, 180)",1.5,,4
MT-26,MT-26.svg,4.617,SVG,"(600, 900)",1.5,,48
MT-27,MT-27.svg,0.533,SVG,"(600, 900)",1.5,,6
MT-28,MT-28.svg,0.194,SVG,"(120, 180)",1.5,,4
MT-29,MT-29.svg,0.177,SVG,"(600, 900)",1.5,,4
MT-30,MT-30.svg,1.343,SVG,"(125, 188)",1.5,,6
MT-31,MT-31.svg,10.751,SVG,"(400, 600)",1.5,,12
MT-32,MT-32.svg,0.738,SVG,"(360, 600)",1.67,,12
MT-33,MT-33.svg,0.188,SVG,"(120, 180)",1.5,,4
MT-34,MT-34.svg,0.245,SVG,"(120, 180)",1.5,,6
MT-35,MT-35.svg,0.64,SVG,"(400, 600)",1.5,,6
MT-36,MT-36.svg,1.438,SVG,"(156, 235)",1.51,,4
MT-37,MT-37.svg,0.976,SVG,"(600, 900)",1.5,,6
MT-38,MT-38.svg,0.383,SVG,"(120, 180)",1.5,,10
MT-39,MT-39.png,5.48,PNG,"(216, 360)",1.67,,39.05
MT-40,MT-40.svg,4.75,SVG,"(400, 600)",1.5,,38
MT-41,MT-41.svg,32.314,SVG,"(400, 600)",1.5,,100
MT-42,MT-42.svg,6.351,SVG,"(400, 600)",1.5,,54
MT-43,MT-43.svg,0.41,SVG,"(500, 750)",1.5,,6
MT-44,MT-44.svg,0.413,SVG,"(600, 900)",1.5,,6
MT-45,MT-45.svg,16.581,SVG,"(300, 500)",1.67,,58
MT-46,MT-46.svg,10.352,SVG,"(400, 600)",1.5,,96
MT-47,MT-47.svg,0.186,SVG,"(120, 180)",1.5,,4
MT-48,MT-48.svg,0.403,SVG,"(125, 188)",1.5,,8
MT-49,MT-49.svg,13.147,SVG,"(400, 600)",1.5,,100
MT-50,MT-50.svg,5.142,SVG,"(400, 600)",1.5,,10
MT-51,MT-51.svg,14.32,SVG,"(420, 630)",1.5,,100
MT-52,MT-52.svg,23.785,SVG,"(600, 900)",1.5,,100
MT-53,MT-53.svg,0.84,SVG,"(400, 600)",1.5,,4
MT-54,MT-54.svg,1.32,SVG,"(600, 900)",1.5,,6
MT-55,MT-55.svg,0.38,SVG,"(600, 900)",1.5,,8
MT-56,MT-56.svg,0.293,SVG,"(400, 600)",1.5,,6
MT-57,MT-57.svg,1.175,SVG,"(400, 600)",1.5,,12
MT-58,MT-58.svg,12.397,SVG,"(400, 600)",1.5,,90
MT-59,MT-59.svg,0.197,SVG,"(120, 180)",1.5,,4
MT-60,MT-60.svg,11.807,SVG,"(600, 900)",1.5,,50
MT-61,MT-61.svg,4.103,SVG,"(156, 235)",1.51,,28
MT-62,MT-62.svg,36.98,SVG,"(300, 500)",1.67,,100
MT-63,MT-63.svg,1.246,SVG,"(400, 600)",1.5,,24
MT-64,MT-64.svg,0.194,SVG,"(120, 180)",1.5,,4
MT-65,MT-65.svg,123.875,SVG,"(300, 500)",1.67,,100
MT-66,MT-66.svg,14.479,SVG,"(400, 600)",1.5,,100
MT-67,MT-67.svg,0.73,SVG,"(125, 188)",1.5,,4
MT-68,MT-68.svg,0.383,SVG,"(120, 180)",1.5,,10
MU-PL,MU-PL.svg,36.324,SVG,"(600, 900)",1.5,,100
MU-RO,MU-RO.svg,195.647,SVG,"(1245, 1910)",1.53,,100
MV-MLE,MV-MLE.png,7.82,PNG,"(216, 324)",1.5,,15.69
MX-AGU,MX-AGU.svg,415.204,SVG,"(1097, 1920)",1.75,,100
MX-BCN,MX-BCN.svg,57.98,SVG,"(1097, 1920)",1.75,,100
MX-BCS,MX-BCS.svg,46.512,SVG,"(216, 378)",1.75,,80
MX-CAM,MX-CAM.svg,705.419,SVG,"(200, 350)",1.75,,100
MX-CHH,MX-CHH.svg,164.229,SVG,"(200, 350)",1.75,,100
MX-CHP,MX-CHP.svg,1996.045,SVG,"(1097, 1920)",1.75,,100
MX-CMX,MX-CMX.png,8.713,PNG,"(216, 378)",1.75,,33.14
MX-COA,MX-COA.svg,444.022,SVG,"(200, 350)",1.75,,100
MX-COL,MX-COL.svg,466.493,SVG,"(200, 350)",1.75,,100
MX-DUR,MX-DUR.svg,346.487,SVG,"(200, 350)",1.75,,100
MX-GRO,MX-GRO.svg,28.336,SVG,"(200, 350)",1.75,,100
MX-GUA,MX-GUA.svg,154.392,SVG,"(4, 7)",1.75,,100
MX-HID,MX-HID.svg,388.745,SVG,"(200, 350)",1.75,,100
MX-JAL,MX-JAL.svg,25.043,SVG,"(800, 1400)",1.75,,22
MX-MEX,MX-MEX.svg,635.512,SVG,"(400, 700)",1.75,,100
MX-MIC,MX-MIC.svg,460.608,SVG,"(200, 350)",1.75,,100
MX-MOR,MX-MOR.svg,55.35,SVG,"(200, 350)",1.75,,100
MX-NAY,MX-NAY.svg,491.103,SVG,"(200, 350)",1.75,,100
MX-NLE,MX-NLE.svg,127.495,SVG,"(200, 350)",1.75,,100
MX-OAX,MX-OAX.svg,806.682,SVG,"(200, 350)",1.75,,100
MX-PUE,MX-PUE.svg,164.262,SVG,"(200, 350)",1.75,,100
MX-QUE,MX-QUE.svg,609.531,SVG,"(200, 350)",1.75,,100
MX-ROO,MX-ROO.svg,29.636,SVG,"(1097, 1920)",1.75,,100
MX-SIN,MX-SIN.svg,340.181,SVG,"(200, 350)",1.75,,100
MX-SLP,MX-SLP.svg,682.258,SVG,"(200, 350)",1.75,,100
MX-SON,MX-SON.svg,138.819,SVG,"(200, 350)",1.75,,100
MX-TAB,MX-TAB.svg,83.934,SVG,"(200, 350)",1.75,,100
MX-TAM,MX-TAM.svg,162.313,SVG,"(200, 350)",1.75,,100
MX-TLA,MX-TLA.svg,133.711,SVG,"(500, 875)",1.75,,100
MX-VER,MX-VER.svg,349.156,SVG,"(200, 350)",1.75,,100
MX-YUC,MX-YUC.svg,0.898,SVG,"(870, 1470)",1.69,,8
MX-ZAC,MX-ZAC.svg,353.744,SVG,"(200, 350)",1.75,,100
MY-01,MY-01.svg,0.496,SVG,"(600, 1200)",2.0,,6
MY-02,MY-02.svg,16.18,SVG,"(702, 1407)",2.0,,12
MY-03,MY-03.svg,4.656,SVG,"(720, 1440)",2.0,,28
MY-04,MY-04.svg,0.405,SVG,"(600, 1200)",2.0,,12
MY-05,MY-05.svg,0.194,SVG,"(600, 1200)",2.0,,6
MY-06,MY-06.svg,0.2,SVG,"(300, 600)",2.0,,4
MY-07,MY-07.svg,27.047,SVG,"(512, 1024)",2.0,,16
MY-08,MY-08.svg,0.208,SVG,"(600, 1200)",2.0,,6
MY-09,MY-09.svg,0.206,SVG,"(300, 600)",2.0,,4
MY-10,MY-10.svg,2.342,SVG,"(720, 1440)",2.0,,24
MY-11,MY-11.svg,1.333,SVG,"(756, 1512)",2.0,,10
MY-12,MY-12.svg,1.508,SVG,"(600, 1200)",2.0,,10
MY-13,MY-13.svg,0.838,SVG,"(300, 600)",2.0,,8
MY-14,MY-14.svg,0.892,SVG,"(600, 1200)",2.0,,8
MY-15,MY-15.svg,0.895,SVG,"(450, 900)",2.0,,8
MY-16,MY-16.svg,171.808,SVG,"(500, 1000)",2.0,,100
MZ-MPM,MZ-MPM.png,770.962,PNG,"(1080, 1620)",1.5,,8.36
NG-AB,NG-AB.png,11.183,PNG,"(216, 360)",1.67,,13.16
NG-AD,NG-AD.jpeg,6.262,JPEG,"(533, 800)",1.5,,0.55
NG-AK,NG-AK.svg,3.557,SVG,"(456, 684)",1.5,,6
NG-AN,NG-AN.png,357.756,PNG,"(709, 1417)",2.0,,2.24
NG-BA,NG-BA.png,73.191,PNG,"(360, 720)",2.0,,16.93
NG-BE,NG-BE.png,16.2,PNG,"(223, 447)",2.0,,13.42
NG-BO,NG-BO.png,16.021,PNG,"(216, 404)",1.87,,9.34
NG-BY,NG-BY.svg,5.7,SVG,"(180, 365)",2.03,,14
NG-CR,NG-CR.png,0.358,PNG,"(216, 430)",1.99,,16.18
NG-DE,NG-DE.png,5.472,PNG,"(216, 431)",2.0,,14.52
NG-EB,NG-EB.png,76.592,PNG,"(257, 387)",1.51,,28.58
NG-ED,NG-ED.png,9.677,PNG,"(180, 270)",1.5,,31.59
NG-EK,NG-EK.png,11.448,PNG,"(216, 324)",1.5,,29.6
NG-EN,NG-EN.png,0.828,PNG,"(400, 800)",2.0,,3.3
NG-FC,NG-FC.svg,16.228,SVG,"(2000, 3000)",1.5,,66
NG-GO,NG-GO.svg,19.438,SVG,"(180, 365)",2.03,,60
NG-IM,NG-IM.png,1.25,PNG,"(534, 800)",1.5,,1.0
NG-JI,NG-JI.png,131.116,PNG,"(410, 602)",1.47,,6.0
NG-KD,NG-KD.png,127.29,PNG,"(400, 800)",2.0,,12.29
NG-KE,NG-KE.png,11.14,PNG,"(360, 720)",2.0,,4.54
NG-KN,NG-KN.png,75.383,PNG,"(400, 800)",2.0,,19.0
NG-KO,NG-KO.png,4.733,PNG,"(180, 365)",2.03,,0.77
NG-KT,NG-KT.svg,9.743,SVG,"(534, 800)",1.5,,16
NG-KW,NG-KW.jpg,78.858,JPG,"(639, 1280)",2.0,,1.66
NG-LA,NG-LA.svg,354.96,SVG,"(550, 1000)",1.82,,100
NG-NA,NG-NA.png,108.388,PNG,"(534, 800)",1.5,,25.69
NG-NI,NG-NI.png,129.644,PNG,"(475, 800)",1.68,,5.17
NG-OG,NG-OG.jpeg,6.546,JPEG,"(208, 308)",1.48,,15.96
NG-ON,NG-ON.jpg,57.132,JPG,"(610, 1018)",1.67,,1.22
NG-OS,NG-OS.svg,14.258,SVG,"(567, 850)",1.5,,44
NG-OY,NG-OY.svg,0.244,SVG,"(300, 600)",2.0,,6
NG-PL,NG-PL.jpg,42.863,JPG,"(181, 278)",1.54,,13.87
NG-RI,NG-RI.png,1.169,PNG,"(180, 363)",2.02,,0.91
NG-SO,NG-SO.png,0.926,PNG,"(397, 800)",2.02,,0.2
NG-TA,NG-TA.svg,0.236,SVG,"(400, 800)",2.0,,4
NG-YO,NG-YO.png,30.243,PNG,"(180, 275)",1.53,,30.58
NG-ZA,NG-ZA.png,0.203,PNG,"(640, 1280)",2.0,,0.0
NI-AN,NI-AN.svg,173.042,SVG,"(600, 1000)",1.67,,100
NI-AS,NI-AS.svg,0.494,SVG,"(533, 800)",1.5,,10
NI-BO,NI-BO.svg,0.286,SVG,"(216, 360)",1.67,,8
NI-CA,NI-CA.svg,0.29,SVG,"(600, 1000)",1.67,,6
NI-CI,NI-CI.svg,0.25,SVG,"(600, 1000)",1.67,,6
NI-CO,NI-CO.svg,255.405,SVG,"(500, 750)",1.5,,30
NI-ES,NI-ES.svg,0.506,SVG,"(600, 1000)",1.67,,6
NI-GR,NI-GR.svg,752.223,SVG,"(600, 1000)",1.67,,100
NI-JI,NI-JI.png,12.764,PNG,"(1200, 2000)",1.67,,0.36
NI-LE,NI-LE.svg,97.232,SVG,"(500, 750)",1.5,,100
NI-MD,NI-MD.svg,0.268,SVG,"(600, 900)",1.5,,6
NI-MN,NI-MN.svg,271.824,SVG,"(500, 750)",1.5,,100
NI-MS,NI-MS.svg,982.336,SVG,"(600, 1000)",1.67,,100
NI-MT,NI-MT.svg,176.925,SVG,"(533, 800)",1.5,,100
NI-NS,NI-NS.svg,572.316,SVG,"(2400, 4000)",1.67,,100
NI-RI,NI-RI.svg,53.504,SVG,"(500, 750)",1.5,,100
NI-SJ,NI-SJ.svg,82.329,SVG,"(500, 750)",1.5,,92
NL-AW,NL-AW.svg,0.405,SVG,"(600, 900)",1.5,,6
NL-BQ1,NL-BQ1.svg,0.504,SVG,"(600, 900)",1.5,,14
NL-BQ2,NL-BQ2.svg,0.593,SVG,"(500, 750)",1.5,,8
NL-BQ3,NL-BQ3.svg,1.342,SVG,"(600, 900)",1.5,,18
NL-CW,NL-CW.svg,0.656,SVG,"(600, 900)",1.5,,6
NL-DR,NL-DR.svg,7.236,SVG,"(500, 750)",1.5,,20
NL-FL,NL-FL.svg,8.039,SVG,"(400, 600)",1.5,,20
NL-FR,NL-FR.svg,0.875,SVG,"(630, 910)",1.44,,10
NL-GE,NL-GE.svg,0.251,SVG,"(450, 650)",1.44,,6
NL-GR,NL-GR.svg,3.242,SVG,"(500, 750)",1.5,,16
NL-LI,NL-LI.svg,164.624,SVG,"(400, 600)",1.5,,10
NL-NB,NL-NB.svg,0.261,SVG,"(400, 600)",1.5,,4
NL-NH,NL-NH.svg,0.254,SVG,"(600, 900)",1.5,,6
NL-OV,NL-OV.svg,0.373,SVG,"(500, 750)",1.5,,6
NL-SX,NL-SX.svg,25.644,SVG,"(450, 675)",1.5,,100
NL-UT,NL-UT.svg,0.322,SVG,"(480, 720)",1.5,,8
NL-ZE,NL-ZE.svg,104.488,SVG,"(400, 600)",1.5,,64
NL-ZH,NL-ZH.svg,47.433,SVG,"(666, 1000)",1.5,,6
NO-03,NO-03.svg,50.675,SVG,"(800, 1100)",1.38,,100
NO-11,NO-11.svg,0.285,SVG,"(600, 960)",1.6,,4
NO-15,NO-15.svg,0.597,SVG,"(600, 960)",1.6,,4
NO-18,NO-18.svg,5.928,SVG,"(200, 200)",1.0,,6
NO-34,NO-34.svg,0.833,SVG,"(600, 900)",1.5,,8
NO-38,NO-38.svg,5.735,SVG,"(2700, 4)",0.0,,12
NO-42,NO-42.png,108.368,PNG,"(1000, 1500)",1.5,,0.91
NO-46,NO-46.svg,1.219,SVG,"(600, 900)",1.5,,12
NO-50,NO-50.svg,0.5,SVG,"(985, 800)",0.81,,6
NO-54,NO-54.svg,7.827,SVG,"(500, 800)",1.6,,14
NZ-AUK,NZ-AUK.svg,34.643,SVG,"(500, 1000)",2.0,,100
NZ-BOP,NZ-BOP.png,72.045,PNG,"(347, 519)",1.5,,13.56
NZ-CIT,NZ-CIT.svg,5.906,SVG,"(600, 900)",1.5,,10
NZ-NSN,NZ-NSN.svg,77.196,SVG,"(350, 700)",2.0,,12
NZ-OTA,NZ-OTA.svg,1.201,SVG,"(600, 900)",1.5,,6
PA-1,PA-1.svg,7.918,SVG,"(600, 900)",1.5,,14
PA-10,PA-10.svg,6.097,SVG,"(600, 900)",1.5,,18
PA-2,PA-2.svg,1.422,SVG,"(600, 900)",1.5,,18
PA-3,PA-3.svg,137.77,SVG,"(600, 900)",1.5,,100
PA-4,PA-4.svg,3.378,SVG,"(600, 900)",1.5,,32
PA-5,PA-5.svg,0.995,SVG,"(600, 900)",1.5,,12
PA-6,PA-6.svg,33.076,SVG,"(600, 900)",1.5,,100
PA-7,PA-7.svg,0.271,SVG,"(480, 765)",1.59,,6
PA-9,PA-9.svg,21.957,SVG,"(600, 900)",1.5,,28
PA-EM,PA-EM.svg,0.273,SVG,"(480, 720)",1.5,,6
PA-KY,PA-KY.svg,25.158,SVG,"(500, 750)",1.5,,100
PA-NB,PA-NB.svg,4.38,SVG,"(600, 900)",1.5,,12
PA-NT,PA-NT.png,47.473,PNG,"(360, 540)",1.5,,34.26
PE-AMA,PE-AMA.svg,99.252,SVG,"(460, 754)",1.64,,100
PE-ANC,PE-ANC.svg,101.031,SVG,"(460, 688)",1.5,,100
PE-APU,PE-APU.svg,83.411,SVG,"(505, 754)",1.49,,100
PE-ARE,PE-ARE.svg,341.909,SVG,"(500, 750)",1.5,,100
PE-AYA,PE-AYA.svg,50.336,SVG,"(500, 750)",1.5,,100
PE-CAJ,PE-CAJ.svg,157.563,SVG,"(500, 750)",1.5,,100
PE-CAL,PE-CAL.svg,90.919,SVG,"(500, 750)",1.5,,100
PE-CUS,PE-CUS.svg,39.129,SVG,"(400, 700)",1.75,,100
PE-HUC,PE-HUC.svg,50.836,SVG,"(267, 400)",1.5,,10
PE-HUV,PE-HUV.svg,43.504,SVG,"(500, 750)",1.5,,100
PE-ICA,PE-ICA.svg,103.23,SVG,"(460, 766)",1.67,,100
PE-JUN,PE-JUN.svg,3.902,SVG,"(500, 750)",1.5,,24
PE-LAL,PE-LAL.svg,75.566,SVG,"(683, 1188)",1.74,,100
PE-LAM,PE-LAM.svg,0.404,SVG,"(600, 900)",1.5,,4
PE-LIM,PE-LIM.svg,8.25,SVG,"(500, 750)",1.5,,64
PE-LMA,PE-LMA.svg,288.933,SVG,"(600, 900)",1.5,,100
PE-LOR,PE-LOR.svg,118.529,SVG,"(460, 690)",1.5,,100
PE-MDD,PE-MDD.svg,0.211,SVG,"(600, 900)",1.5,,4
PE-MOQ,PE-MOQ.svg,0.64,SVG,"(500, 750)",1.5,,6
PE-PAS,PE-PAS.svg,0.812,SVG,"(500, 750)",1.5,,6
PE-PIU,PE-PIU.svg,1.764,SVG,"(500, 750)",1.5,,22
PE-PUN,PE-PUN.svg,4.235,SVG,"(517, 775)",1.5,,10
PE-SAM,PE-SAM.png,711.175,PNG,"(1892, 2835)",1.5,,2.81
PE-TAC,PE-TAC.svg,143.071,SVG,"(500, 750)",1.5,,100
PE-TUM,PE-TUM.svg,6.531,SVG,"(500, 750)",1.5,,16
PE-UCA,PE-UCA.svg,338.547,SVG,"(500, 1000)",2.0,,100
PG-CPK,PG-CPK.svg,29.534,SVG,"(419, 632)",1.51,,48
PG-CPM,PG-CPM.svg,15.75,SVG,"(478, 950)",1.99,,46
PG-EBR,PG-EBR.svg,29.668,SVG,"(430, 710)",1.65,,100
PG-EHG,PG-EHG.svg,19.237,SVG,"(440, 661)",1.5,,40
PG-EPW,PG-EPW.png,16.192,PNG,"(1092, 1452)",1.33,,14.8
PG-ESW,PG-ESW.png,134.91,PNG,"(1420, 2120)",1.49,,13.99
PG-GPK,PG-GPK.png,76.141,PNG,"(1092, 1448)",1.33,,6.88
PG-HLA,PG-HLA.svg,21.294,SVG,"(540, 720)",1.33,,100
PG-JWK,PG-JWK.svg,7.916,SVG,"(360, 480)",1.33,,58
PG-MBA,PG-MBA.svg,4.37,SVG,"(374, 562)",1.5,,10
PG-MPL,PG-MPL.png,40.168,PNG,"(1316, 1972)",1.5,,23.5
PG-MPM,PG-MPM.svg,34.065,SVG,"(349, 586)",1.68,,38
PG-MRL,PG-MRL.svg,27.834,SVG,"(344, 510)",1.48,,86
PG-NCD,PG-NCD.svg,22.745,SVG,"(325, 487)",1.5,,12
PG-NIK,PG-NIK.svg,11.052,SVG,"(340, 507)",1.49,,16
PG-NPP,PG-NPP.png,13.344,PNG,"(658, 878)",1.33,,27.26
PG-NSB,PG-NSB.svg,8.47,SVG,"(600, 900)",1.5,,26
PG-SAN,PG-SAN.svg,22.037,SVG,"(1728, 2304)",1.33,,46
PG-SHM,PG-SHM.svg,15.686,SVG,"(217, 326)",1.5,,100
PG-WBK,PG-WBK.svg,180.627,SVG,"(576, 864)",1.5,,52
PG-WHM,PG-WHM.svg,146.225,SVG,"(453, 666)",1.47,,100
PG-WPD,PG-WPD.svg,44.18,SVG,"(414, 613)",1.48,,56
PH-14,PH-14.svg,41.54,SVG,"(300, 550)",1.83,,18
PH-15,PH-15.png,38.898,PNG,"(255, 512)",2.01,,40.02
PH-ABR,PH-ABR.png,122.976,PNG,"(700, 1050)",1.5,,21.69
PH-AGN,PH-AGN.png,234.459,PNG,"(800, 1200)",1.5,,37.79
PH-AGS,PH-AGS.png,178.619,PNG,"(800, 1200)",1.5,,21.57
PH-AKL,PH-AKL.png,198.167,PNG,"(800, 1200)",1.5,,30.07
PH-ALB,PH-ALB.png,99.107,PNG,"(500, 1000)",2.0,,70.34
PH-ANT,PH-ANT.png,124.381,PNG,"(600, 1000)",1.67,,18.33
PH-APA,PH-APA.png,326.728,PNG,"(800, 1200)",1.5,,25.16
PH-AUR,PH-AUR.png,166.091,PNG,"(501, 1000)",2.0,,4.23
PH-BAN,PH-BAN.png,165.304,PNG,"(500, 1000)",2.0,,19.48
PH-BAS,PH-BAS.svg,45.644,SVG,"(600, 1044)",1.74,,100
PH-BEN,PH-BEN.png,283.059,PNG,"(1000, 2000)",2.0,,10.25
PH-BIL,PH-BIL.png,81.694,PNG,"(400, 800)",2.0,,19.28
PH-BOH,PH-BOH.svg,33.104,SVG,"(360, 720)",2.0,,100
PH-BTG,PH-BTG.jpg,130.551,JPG,"(512, 1024)",2.0,,20.92
PH-BTN,PH-BTN.png,158.673,PNG,"(500, 1000)",2.0,,17.82
PH-BUK,PH-BUK.svg,5.715,SVG,"(753, 1420)",1.89,,36
PH-BUL,PH-BUL.png,106.423,PNG,"(500, 1000)",2.0,,31.37
PH-CAG,PH-CAG.svg,35.312,SVG,"(200, 400)",2.0,,100
PH-CAM,PH-CAM.png,75.163,PNG,"(500, 1000)",2.0,,17.97
PH-CAN,PH-CAN.png,189.305,PNG,"(1000, 2000)",2.0,,9.14
PH-CAP,PH-CAP.png,208.787,PNG,"(500, 1000)",2.0,,5.35
PH-CAS,PH-CAS.png,131.649,PNG,"(500, 1000)",2.0,,7.61
PH-CAT,PH-CAT.png,274.489,PNG,"(1000, 2000)",2.0,,4.54
PH-CAV,PH-CAV.png,181.068,PNG,"(500, 1000)",2.0,,15.17
PH-CEB,PH-CEB.png,296.845,PNG,"(1000, 2000)",2.0,,8.31
PH-COM,PH-COM.jpg,122.416,JPG,"(600, 1000)",1.67,,20.83
PH-DAO,PH-DAO.svg,338.47,SVG,"(852, 1280)",1.5,,4
PH-DAS,PH-DAS.jpg,45.024,JPG,"(800, 1600)",2.0,,2.72
PH-DAV,PH-DAV.png,66.541,PNG,"(500, 1000)",2.0,,41.59
PH-DIN,PH-DIN.png,482.705,PNG,"(800, 1200)",1.5,,29.95
PH-DVO,PH-DVO.png,481.359,PNG,"(800, 1200)",1.5,,8.23
PH-EAS,PH-EAS.png,101.663,PNG,"(600, 1200)",2.0,,13.56
PH-GUI,PH-GUI.png,134.173,PNG,"(500, 1000)",2.0,,22.13
PH-IFU,PH-IFU.png,421.851,PNG,"(1320, 2160)",1.64,,1.74
PH-ILI,PH-ILI.png,436.196,PNG,"(2000, 2000)",1.0,,29.99
PH-ILN,PH-ILN.png,59.188,PNG,"(217, 432)",1.99,,30.32
PH-ILS,PH-ILS.png,82.745,PNG,"(600, 1000)",1.67,,29.16
PH-ISA,PH-ISA.svg,388.645,SVG,"(227, 378)",1.67,,100
PH-KAL,PH-KAL.png,327.503,PNG,"(800, 1200)",1.5,,2.87
PH-LAG,PH-LAG.png,126.187,PNG,"(500, 1000)",2.0,,8.8
PH-LAN,PH-LAN.png,99.336,PNG,"(580, 1015)",1.75,,22.17
PH-LAS,PH-LAS.png,164.493,PNG,"(700, 1000)",1.43,,33.92
PH-LEY,PH-LEY.png,153.901,PNG,"(1000, 1400)",1.4,,7.09
PH-LUN,PH-LUN.png,140.647,PNG,"(500, 1000)",2.0,,38.27
PH-MAD,PH-MAD.png,292.021,PNG,"(800, 1200)",1.5,,2.24
PH-MAS,PH-MAS.png,303.789,PNG,"(800, 1200)",1.5,,2.76
PH-MDC,PH-MDC.png,115.156,PNG,"(400, 800)",2.0,,14.9
PH-MDR,PH-MDR.png,117.477,PNG,"(400, 800)",2.0,,26.81
PH-MGN,PH-MGN.png,1076.929,PNG,"(2160, 3840)",1.78,,2.87
PH-MGS,PH-MGS.png,992.654,PNG,"(2160, 3840)",1.78,,3.28
PH-MOU,PH-MOU.png,144.746,PNG,"(585, 1040)",1.78,,28.67
PH-MSC,PH-MSC.svg,427.499,SVG,"(189, 378)",2.0,,100
PH-MSR,PH-MSR.png,114.912,PNG,"(500, 1000)",2.0,,20.79
PH-NCO,PH-NCO.png,160.117,PNG,"(800, 1000)",1.25,,49.65
PH-NEC,PH-NEC.png,326.502,PNG,"(800, 1200)",1.5,,22.39
PH-NER,PH-NER.png,200.721,PNG,"(500, 1000)",2.0,,33.16
PH-NSA,PH-NSA.png,86.831,PNG,"(500, 1000)",2.0,,36.97
PH-NUE,PH-NUE.png,14.317,PNG,"(400, 800)",2.0,,38.96
PH-NUV,PH-NUV.png,221.155,PNG,"(930, 1600)",1.72,,6.55
PH-PAM,PH-PAM.png,642.175,PNG,"(900, 2100)",2.33,,24.32
PH-PAN,PH-PAN.svg,399.931,SVG,"(136, 212)",1.56,,100
PH-PLW,PH-PLW.png,91.051,PNG,"(500, 1000)",2.0,,49.5
PH-QUE,PH-QUE.svg,289.774,SVG,"(202, 358)",1.77,,100
PH-QUI,PH-QUI.png,146.049,PNG,"(500, 1000)",2.0,,37.73
PH-RIZ,PH-RIZ.png,2486.009,PNG,"(2000, 4000)",2.0,,0.29
PH-ROM,PH-ROM.png,373.511,PNG,"(800, 1200)",1.5,,2.27
PH-SAR,PH-SAR.png,115.183,PNG,"(457, 800)",1.75,,39.38
PH-SCO,PH-SCO.png,42.871,PNG,"(400, 800)",2.0,,10.0
PH-SIG,PH-SIG.png,152.114,PNG,"(500, 900)",1.8,,44.65
PH-SLE,PH-SLE.png,12.313,PNG,"(162, 297)",1.83,,36.39
PH-SLU,PH-SLU.svg,50.727,SVG,"(378, 756)",2.0,,100
PH-SOR,PH-SOR.png,152.191,PNG,"(640, 1280)",2.0,,15.22
PH-SUK,PH-SUK.png,51.097,PNG,"(600, 900)",1.5,,22.54
PH-SUN,PH-SUN.svg,41.005,SVG,"(840, 1800)",2.14,,100
PH-SUR,PH-SUR.png,104.634,PNG,"(700, 1000)",1.43,,30.47
PH-TAR,PH-TAR.svg,1146.502,SVG,"(600, 900)",1.5,,100
PH-TAW,PH-TAW.png,48.948,PNG,"(500, 700)",1.4,,10.85
PH-WSA,PH-WSA.png,8.632,PNG,"(216, 432)",2.0,,44.29
PH-ZAN,PH-ZAN.png,231.916,PNG,"(900, 1700)",1.89,,31.32
PH-ZAS,PH-ZAS.png,305.686,PNG,"(900, 1500)",1.67,,10.76
PH-ZMB,PH-ZMB.png,92.342,PNG,"(500, 1000)",2.0,,30.04
PH-ZSI,PH-ZSI.png,210.378,PNG,"(500, 1000)",2.0,,38.81
PK-BA,PK-BA.svg,32.176,SVG,"(756, 1134)",1.5,,100
PK-GB,PK-GB.svg,82.354,SVG,"(700, 1)",0.0,,100
PK-JK,PK-JK.svg,0.567,SVG,"(432, 648)",1.5,,12
PK-KP,PK-KP.svg,42.606,SVG,"(528, 793)",1.5,,100
PK-PB,PK-PB.svg,28.196,SVG,"(528, 793)",1.5,,100
PK-SD,PK-SD.svg,70.721,SVG,"(1200, 1800)",1.5,,100
PL-02,PL-02.svg,12.417,SVG,"(500, 800)",1.6,,8
PL-04,PL-04.svg,0.275,SVG,"(500, 800)",1.6,,6
PL-06,PL-06.svg,25.669,SVG,"(500, 800)",1.6,,76
PL-08,PL-08.svg,1.33,SVG,"(600, 960)",1.6,,8
PL-10,PL-10.svg,0.171,SVG,"(500, 800)",1.6,,4
PL-12,PL-12.svg,2.553,SVG,"(500, 800)",1.6,,6
PL-14,PL-14.svg,44.211,SVG,"(500, 800)",1.6,,10
PL-16,PL-16.svg,0.713,SVG,"(600, 960)",1.6,,4
PL-18,PL-18.svg,231.329,SVG,"(500, 800)",1.6,,14
PL-20,PL-20.svg,0.237,SVG,"(500, 800)",1.6,,8
PL-22,PL-22.svg,50.438,SVG,"(469, 750)",1.6,,34
PL-24,PL-24.svg,0.918,SVG,"(500, 800)",1.6,,6
PL-26,PL-26.svg,39.13,SVG,"(571, 800)",1.4,,58
PL-28,PL-28.svg,7.564,SVG,"(500, 1000)",2.0,,16
PL-30,PL-30.svg,34.952,SVG,"(513, 1067)",2.08,,100
PL-32,PL-32.svg,40.605,SVG,"(512, 812)",1.59,,24
PT-01,PT-01.png,638.786,PNG,"(1699, 2560)",1.51,,8.66
PT-02,PT-02.png,14.931,PNG,"(216, 322)",1.49,,100
PT-03,PT-03.png,17.52,PNG,"(216, 324)",1.5,,100
PT-04,PT-04.png,24.686,PNG,"(216, 324)",1.5,,100
PT-05,PT-05.png,7.553,PNG,"(216, 324)",1.5,,100
PT-06,PT-06.png,198.497,PNG,"(700, 700)",1.0,,29.36
PT-07,PT-07.png,202.714,PNG,"(700, 700)",1.0,,31.58
PT-08,PT-08.png,35.838,PNG,"(213, 321)",1.51,,100
PT-09,PT-09.jpg,60.926,JPG,"(338, 509)",1.51,,54.79
PT-10,PT-10.png,107.104,PNG,"(533, 800)",1.5,,29.93
PT-11,PT-11.svg,884.995,SVG,"(216, 324)",1.5,,100
PT-12,PT-12.png,26.203,PNG,"(216, 324)",1.5,,100
PT-13,PT-13.png,317.446,PNG,"(1066, 1599)",1.5,,45.27
PT-14,PT-14.jpg,790.267,JPG,"(2176, 3264)",1.5,,0.56
PT-15,PT-15.png,30.291,PNG,"(216, 324)",1.5,,100
PT-16,PT-16.jpg,53.03,JPG,"(338, 509)",1.51,,60.66
PT-17,PT-17.png,30.784,PNG,"(216, 324)",1.5,,100
PT-18,PT-18.jpg,200.155,JPG,"(630, 912)",1.45,,30.79
PT-20,PT-20.svg,48.047,SVG,"(600, 900)",1.5,,100
PT-30,PT-30.svg,0.374,SVG,"(800, 1200)",1.5,,8
PW-002,PW-002.svg,1.499,SVG,"(326, 571)",1.75,,16
PW-004,PW-004.png,381.916,PNG,"(1260, 2010)",1.6,,14.67
PW-010,PW-010.svg,14.308,SVG,"(400, 640)",1.6,,98
PW-050,PW-050.svg,0.748,SVG,"(500, 800)",1.6,,6
PW-100,PW-100.svg,10.862,SVG,"(1254, 2001)",1.6,,30
PW-150,PW-150.png,87.127,PNG,"(1260, 2010)",1.6,,6.39
PW-212,PW-212.png,47.536,PNG,"(1254, 2007)",1.6,,27.7
PW-214,PW-214.svg,81.618,SVG,"(1000, 1600)",1.6,,32
PW-218,PW-218.svg,2.121,SVG,"(217, 361)",1.66,,26
PW-222,PW-222.png,79.137,PNG,"(1260, 2013)",1.6,,3.86
PW-224,PW-224.svg,17.877,SVG,"(1260, 2051)",1.63,,68
PW-226,PW-226.svg,6.821,SVG,"(698, 1044)",1.5,,22
PW-227,PW-227.svg,8.389,SVG,"(620, 927)",1.5,,24
PW-228,PW-228.png,169.789,PNG,"(1257, 2010)",1.6,,21.84
PW-350,PW-350.svg,42.26,SVG,"(1257, 2007)",1.6,,100
PW-370,PW-370.svg,3.166,SVG,"(216, 361)",1.67,,14
PY-1,PY-1.svg,0.239,SVG,"(400, 640)",1.6,,6
PY-10,PY-10.svg,0.232,SVG,"(503, 800)",1.59,,6
PY-11,PY-11.svg,17.275,SVG,"(537, 878)",1.64,,44
PY-12,PY-12.svg,0.214,SVG,"(600, 900)",1.5,,6
PY-13,PY-13.svg,2.131,SVG,"(16, 22)",1.38,,10
PY-14,PY-14.svg,2.615,SVG,"(603, 959)",1.59,,8
PY-15,PY-15.svg,0.207,SVG,"(330, 570)",1.73,,4
PY-16,PY-16.svg,16.143,SVG,"(804, 1279)",1.59,,74
PY-19,PY-19.svg,0.251,SVG,"(600, 900)",1.5,,6
PY-2,PY-2.jpg,13.546,JPG,"(348, 560)",1.61,,20.04
PY-3,PY-3.jpg,14.799,JPG,"(167, 320)",1.92,,44.95
PY-4,PY-4.svg,0.206,SVG,"(400, 600)",1.5,,4
PY-5,PY-5.svg,0.973,SVG,"(539, 997)",1.85,,8
PY-6,PY-6.svg,0.248,SVG,"(400, 640)",1.6,,6
PY-7,PY-7.png,10.749,PNG,"(216, 324)",1.5,,12.65
PY-8,PY-8.svg,0.208,SVG,"(900, 1400)",1.56,,6
PY-9,PY-9.jpg,11.607,JPG,"(533, 800)",1.5,,2.99
PY-ASU,PY-ASU.svg,151.312,SVG,"(330, 600)",1.82,,100
RO-AB,RO-AB.svg,162.675,SVG,"(735, 1100)",1.5,,100
RO-AG,RO-AG.png,38.374,PNG,"(360, 540)",1.5,,10.28
RO-AR,RO-AR.svg,3.425,SVG,"(709, 1063)",1.5,,6
RO-B,RO-B.svg,81.448,SVG,"(768, 1152)",1.5,,100
RO-BC,RO-BC.png,34.076,PNG,"(360, 540)",1.5,,21.23
RO-BH,RO-BH.svg,323.073,SVG,"(216, 324)",1.5,,100
RO-BN,RO-BN.png,42.623,PNG,"(360, 540)",1.5,,23.81
RO-BR,RO-BR.png,39.054,PNG,"(360, 540)",1.5,,43.09
RO-BT,RO-BT.png,37.296,PNG,"(360, 540)",1.5,,25.12
RO-BV,RO-BV.png,49.296,PNG,"(360, 540)",1.5,,34.48
RO-BZ,RO-BZ.png,32.168,PNG,"(360, 540)",1.5,,24.25
RO-CJ,RO-CJ.png,28.799,PNG,"(360, 540)",1.5,,12.28
RO-CL,RO-CL.png,40.413,PNG,"(360, 540)",1.5,,29.52
RO-CS,RO-CS.png,38.925,PNG,"(360, 540)",1.5,,21.1
RO-CT,RO-CT.png,46.7,PNG,"(360, 540)",1.5,,24.26
RO-CV,RO-CV.svg,31.483,SVG,"(216, 328)",1.52,,100
RO-DB,RO-DB.png,22.779,PNG,"(360, 540)",1.5,,11.36
RO-DJ,RO-DJ.png,40.604,PNG,"(360, 540)",1.5,,19.73
RO-GJ,RO-GJ.png,39.715,PNG,"(360, 540)",1.5,,4.82
RO-GL,RO-GL.png,28.854,PNG,"(360, 540)",1.5,,6.11
RO-GR,RO-GR.svg,67.041,SVG,"(216, 324)",1.5,,100
RO-HD,RO-HD.png,56.549,PNG,"(360, 540)",1.5,,21.72
RO-HR,RO-HR.png,45.357,PNG,"(360, 540)",1.5,,36.71
RO-IF,RO-IF.png,40.693,PNG,"(360, 540)",1.5,,21.39
RO-IL,RO-IL.svg,65.376,SVG,"(216, 316)",1.46,,100
RO-IS,RO-IS.png,23.598,PNG,"(360, 540)",1.5,,33.65
RO-MH,RO-MH.png,49.366,PNG,"(360, 540)",1.5,,35.4
RO-MM,RO-MM.jpg,35.723,JPG,"(495, 742)",1.5,,5.3
RO-MS,RO-MS.png,43.81,PNG,"(360, 540)",1.5,,36.54
RO-NT,RO-NT.png,30.093,PNG,"(360, 540)",1.5,,22.43
RO-OT,RO-OT.png,32.382,PNG,"(360, 540)",1.5,,22.59
RO-PH,RO-PH.png,36.835,PNG,"(360, 540)",1.5,,30.17
RO-SB,RO-SB.png,30.131,PNG,"(360, 540)",1.5,,16.92
RO-SJ,RO-SJ.png,44.854,PNG,"(360, 540)",1.5,,35.97
RO-SM,RO-SM.png,270.885,PNG,"(1185, 1799)",1.52,,5.96
RO-SV,RO-SV.png,65.936,PNG,"(360, 540)",1.5,,45.29
RO-TL,RO-TL.png,17.997,PNG,"(360, 540)",1.5,,42.75
RO-TM,RO-TM.png,61.92,PNG,"(360, 540)",1.5,,32.95
RO-TR,RO-TR.png,43.155,PNG,"(360, 540)",1.5,,20.76
RO-VL,RO-VL.png,55.725,PNG,"(360, 540)",1.5,,38.19
RO-VN,RO-VN.png,49.715,PNG,"(360, 540)",1.5,,47.72
RO-VS,RO-VS.png,43.553,PNG,"(360, 540)",1.5,,27.84
RS-00,RS-00.svg,48.342,SVG,"(500, 500)",1.0,,100
RS-14,RS-14.svg,3.938,SVG,"(144, 216)",1.5,,72
RS-15,RS-15.png,8.73,PNG,"(144, 216)",1.5,,11.66
RS-18,RS-18.png,5.724,PNG,"(216, 324)",1.5,,100
RS-22,RS-22.png,6.045,PNG,"(222, 324)",1.46,,38.29
RS-27,RS-27.png,174.775,PNG,"(533, 800)",1.5,,21.57
RS-KM,RS-KM.svg,8.266,SVG,"(600, 840)",1.4,,16
RS-VO,RS-VO.svg,1.701,SVG,"(378, 756)",2.0,,12
RU-AD,RU-AD.svg,0.918,SVG,"(300, 600)",2.0,,6
RU-AL,RU-AL.svg,0.28,SVG,"(800, 1200)",1.5,,6
RU-ALT,RU-ALT.svg,110.867,SVG,"(600, 1200)",2.0,,60
RU-AMU,RU-AMU.svg,1.045,SVG,"(800, 1200)",1.5,,6
RU-ARK,RU-ARK.svg,365.884,SVG,"(600, 900)",1.5,,100
RU-AST,RU-AST.svg,125.075,SVG,"(562, 826)",1.47,,100
RU-BA,RU-BA.svg,5.457,SVG,"(600, 900)",1.5,,40
RU-BEL,RU-BEL.svg,206.404,SVG,"(305, 453)",1.49,,80
RU-BRY,RU-BRY.svg,87.916,SVG,"(683, 1024)",1.5,,100
RU-BU,RU-BU.svg,1.95,SVG,"(300, 600)",2.0,,12
RU-CE,RU-CE.svg,4.164,SVG,"(300, 450)",1.5,,12
RU-CHE,RU-CHE.svg,50.12,SVG,"(400, 600)",1.5,,42
RU-CHU,RU-CHU.svg,0.541,SVG,"(600, 900)",1.5,,14
RU-CU,RU-CU.svg,3.19,SVG,"(1250, 2000)",1.6,,18
RU-DA,RU-DA.svg,0.26,SVG,"(600, 900)",1.5,,6
RU-IN,RU-IN.svg,0.408,SVG,"(400, 600)",1.5,,8
RU-IRK,RU-IRK.svg,62.166,SVG,"(701, 1067)",1.52,,100
RU-IVA,RU-IVA.svg,466.206,SVG,"(400, 600)",1.5,,100
RU-KAM,RU-KAM.svg,4.19,SVG,"(800, 1200)",1.5,,24
RU-KB,RU-KB.svg,0.793,SVG,"(800, 1200)",1.5,,14
RU-KC,RU-KC.svg,1.482,SVG,"(600, 1200)",2.0,,20
RU-KDA,RU-KDA.svg,2150.626,SVG,"(400, 600)",1.5,,100
RU-KEM,RU-KEM.svg,191.699,SVG,"(1, 1500)",1500.0,,100
RU-KGD,RU-KGD.svg,15.004,SVG,"(460, 686)",1.49,,34
RU-KGN,RU-KGN.svg,0.821,SVG,"(300, 600)",2.0,,8
RU-KHA,RU-KHA.svg,0.283,SVG,"(216, 324)",1.5,,6
RU-KHM,RU-KHM.svg,0.409,SVG,"(600, 1200)",2.0,,8
RU-KIR,RU-KIR.svg,18.215,SVG,"(400, 600)",1.5,,94
RU-KK,RU-KK.svg,0.649,SVG,"(600, 1200)",2.0,,22
RU-KL,RU-KL.svg,6.747,SVG,"(320, 640)",2.0,,12
RU-KLU,RU-KLU.svg,51.437,SVG,"(539, 813)",1.51,,100
RU-KO,RU-KO.svg,0.259,SVG,"(800, 1200)",1.5,,6
RU-KOS,RU-KOS.svg,199.562,SVG,"(600, 900)",1.5,,100
RU-KR,RU-KR.svg,0.202,SVG,"(600, 900)",1.5,,6
RU-KRS,RU-KRS.svg,233.482,SVG,"(350, 525)",1.5,,100
RU-KYA,RU-KYA.svg,123.509,SVG,"(400, 600)",1.5,,56
RU-LEN,RU-LEN.svg,6.236,SVG,"(600, 900)",1.5,,78
RU-LIP,RU-LIP.svg,24.845,SVG,"(400, 600)",1.5,,100
RU-MAG,RU-MAG.svg,18.635,SVG,"(600, 900)",1.5,,70
RU-ME,RU-ME.svg,56.132,SVG,"(600, 900)",1.5,,100
RU-MO,RU-MO.svg,0.417,SVG,"(800, 1200)",1.5,,10
RU-MOS,RU-MOS.svg,218.78,SVG,"(1, 1500)",1500.0,,100
RU-MOW,RU-MOW.svg,177.951,SVG,"(380, 568)",1.49,,100
RU-MUR,RU-MUR.svg,1.148,SVG,"(300, 450)",1.5,,6
RU-NEN,RU-NEN.svg,0.82,SVG,"(800, 1200)",1.5,,8
RU-NGR,RU-NGR.svg,44.838,SVG,"(900, 1350)",1.5,,100
RU-NIZ,RU-NIZ.svg,70.079,SVG,"(1251, 1875)",1.5,,100
RU-NVS,RU-NVS.svg,15.826,SVG,"(600, 900)",1.5,,100
RU-OMS,RU-OMS.svg,0.695,SVG,"(300, 450)",1.5,,6
RU-ORE,RU-ORE.svg,470.071,SVG,"(400, 600)",1.5,,80
RU-ORL,RU-ORL.svg,480.49,SVG,"(400, 600)",1.5,,100
RU-PER,RU-PER.svg,47.076,SVG,"(800, 1200)",1.5,,100
RU-PNZ,RU-PNZ.svg,341.445,SVG,"(1, 1600)",1600.0,,100
RU-PRI,RU-PRI.svg,23.485,SVG,"(376, 564)",1.5,,10
RU-PSK,RU-PSK.svg,77.247,SVG,"(1834, 2751)",1.5,,86
RU-ROS,RU-ROS.svg,0.304,SVG,"(800, 1200)",1.5,,8
RU-RYA,RU-RYA.svg,22.085,SVG,"(1000, 1500)",1.5,,62
RU-SA,RU-SA.svg,0.326,SVG,"(640, 1280)",2.0,,10
RU-SAK,RU-SAK.svg,12.938,SVG,"(300, 450)",1.5,,4
RU-SAM,RU-SAM.svg,195.368,SVG,"(440, 660)",1.5,,100
RU-SAR,RU-SAR.svg,937.473,SVG,"(800, 1200)",1.5,,100
RU-SE,RU-SE.svg,0.263,SVG,"(300, 600)",2.0,,6
RU-SMO,RU-SMO.svg,36.698,SVG,"(600, 900)",1.5,,100
RU-SPE,RU-SPE.svg,270.602,SVG,"(800, 1200)",1.5,,100
RU-STA,RU-STA.svg,263.306,SVG,"(400, 600)",1.5,,100
RU-SVE,RU-SVE.svg,0.386,SVG,"(400, 600)",1.5,,6
RU-TA,RU-TA.svg,0.376,SVG,"(300, 600)",2.0,,6
RU-TAM,RU-TAM.svg,145.678,SVG,"(599, 902)",1.51,,100
RU-TOM,RU-TOM.svg,411.158,SVG,"(400, 600)",1.5,,100
RU-TUL,RU-TUL.svg,4.605,SVG,"(1298, 1949)",1.5,,38
RU-TVE,RU-TVE.svg,14.883,SVG,"(600, 900)",1.5,,18
RU-TY,RU-TY.svg,0.656,SVG,"(600, 900)",1.5,,20
RU-TYU,RU-TYU.svg,0.628,SVG,"(800, 1200)",1.5,,10
RU-UD,RU-UD.svg,0.402,SVG,"(270, 540)",2.0,,8
RU-ULY,RU-ULY.svg,42.603,SVG,"(534, 800)",1.5,,100
RU-VGG,RU-VGG.svg,4.16,SVG,"(200, 300)",1.5,,10
RU-VLA,RU-VLA.svg,61.654,SVG,"(1, 1500)",1500.0,,58
RU-VLG,RU-VLG.svg,95.759,SVG,"(900, 1350)",1.5,,100
RU-VOR,RU-VOR.svg,28.339,SVG,"(533, 800)",1.5,,100
RU-YAN,RU-YAN.svg,0.759,SVG,"(600, 900)",1.5,,10
RU-YAR,RU-YAR.svg,45.408,SVG,"(531, 797)",1.5,,14
RU-YEV,RU-YEV.svg,0.443,SVG,"(240, 360)",1.5,,16
RU-ZAB,RU-ZAB.svg,0.261,SVG,"(800, 1200)",1.5,,6
SB-CE,SB-CE.png,43.829,PNG,"(1300, 2592)",1.99,,18.48
SB-CH,SB-CH.png,40.658,PNG,"(1304, 2596)",1.99,,15.87
SB-CT,SB-CT.svg,8.93,SVG,"(300, 600)",2.0,,74
SB-GU,SB-GU.png,151.746,PNG,"(1296, 2596)",2.0,,26.1
SB-IS,SB-IS.png,126.986,PNG,"(1220, 2440)",2.0,,3.68
SB-MK,SB-MK.png,104.088,PNG,"(1300, 2592)",1.99,,8.45
SB-ML,SB-ML.svg,35.128,SVG,"(256, 512)",2.0,,100
SB-RB,SB-RB.svg,1.735,SVG,"(600, 1200)",2.0,,6
SB-TE,SB-TE.svg,6.034,SVG,"(600, 1200)",2.0,,18
SB-WE,SB-WE.png,78.505,PNG,"(1296, 2588)",2.0,,9.18
SD-DC,SD-DC.png,31.72,PNG,"(216, 324)",1.5,,41.7
SD-DE,SD-DE.png,314.143,PNG,"(667, 1000)",1.5,,3.19
SD-DN,SD-DN.png,39.928,PNG,"(272, 387)",1.42,,18.66
SD-DS,SD-DS.png,237.577,PNG,"(670, 1000)",1.49,,7.65
SD-DW,SD-DW.png,6.946,PNG,"(216, 324)",1.5,,12.23
SD-GD,SD-GD.png,30.869,PNG,"(379, 567)",1.5,,11.32
SD-GK,SD-GK.png,251.642,PNG,"(667, 1000)",1.5,,2.12
SD-GZ,SD-GZ.png,227.643,PNG,"(667, 1000)",1.5,,0.29
SD-KA,SD-KA.png,55.176,PNG,"(272, 387)",1.42,,11.06
SD-KH,SD-KH.png,30.525,PNG,"(216, 323)",1.5,,56.56
SD-KN,SD-KN.png,307.255,PNG,"(667, 1000)",1.5,,7.73
SD-KS,SD-KS.png,239.008,PNG,"(667, 1000)",1.5,,1.99
SD-NB,SD-NB.png,28.259,PNG,"(216, 324)",1.5,,60.13
SD-NO,SD-NO.png,89.844,PNG,"(667, 1000)",1.5,,1.66
SD-NR,SD-NR.png,122.659,PNG,"(667, 1000)",1.5,,0.16
SD-NW,SD-NW.png,214.675,PNG,"(667, 1000)",1.5,,1.6
SD-RS,SD-RS.png,193.52,PNG,"(667, 1000)",1.5,,0.67
SD-SI,SD-SI.png,171.776,PNG,"(667, 1000)",1.5,,1.13
SE-AB,SE-AB.svg,39.245,SVG,"(312, 312)",1.0,,94
SE-AC,SE-AC.svg,39.063,SVG,"(312, 312)",1.0,,100
SE-BD,SE-BD.svg,32.611,SVG,"(312, 312)",1.0,,86
SE-C,SE-C.svg,10.773,SVG,"(312, 312)",1.0,,32
SE-D,SE-D.svg,44.075,SVG,"(312, 312)",1.0,,14
SE-E,SE-E.svg,41.842,SVG,"(312, 312)",1.0,,60
SE-F,SE-F.svg,12.034,SVG,"(312, 312)",1.0,,26
SE-G,SE-G.svg,44.534,SVG,"(312, 312)",1.0,,60
SE-H,SE-H.svg,45.389,SVG,"(312, 312)",1.0,,98
SE-I,SE-I.svg,18.994,SVG,"(312, 312)",1.0,,42
SE-K,SE-K.svg,24.565,SVG,"(312, 312)",1.0,,10
SE-M,SE-M.svg,11.099,SVG,"(1500, 1500)",1.0,,28
SE-N,SE-N.svg,36.67,SVG,"(312, 312)",1.0,,54
SE-O,SE-O.svg,155.192,SVG,"(312, 312)",1.0,,100
SE-S,SE-S.svg,11.636,SVG,"(312, 312)",1.0,,22
SE-T,SE-T.svg,18.321,SVG,"(312, 312)",1.0,,46
SE-U,SE-U.svg,3.392,SVG,"(312, 312)",1.0,,6
SE-W,SE-W.svg,5.517,SVG,"(312, 312)",1.0,,10
SE-X,SE-X.svg,35.077,SVG,"(312, 312)",1.0,,100
SE-Y,SE-Y.svg,9.52,SVG,"(312, 312)",1.0,,32
SE-Z,SE-Z.svg,92.058,SVG,"(312, 312)",1.0,,100
SH-AC,SH-AC.svg,343.547,SVG,"(500, 1000)",2.0,,100
SH-HL,SH-HL.svg,84.881,SVG,"(600, 1200)",2.0,,100
SH-TA,SH-TA.svg,177.46,SVG,"(500, 1000)",2.0,,100
SI-001,SI-001.png,21.807,PNG,"(432, 216)",0.5,,42.05
SI-002,SI-002.svg,42.701,SVG,"(378, 756)",2.0,,100
SI-003,SI-003.svg,34.105,SVG,"(450, 900)",2.0,,100
SI-004,SI-004.svg,9.236,SVG,"(400, 1200)",3.0,,52
SI-005,SI-005.png,3.758,PNG,"(216, 540)",2.5,,35.61
SI-006,SI-006.png,5.841,PNG,"(432, 216)",0.5,,44.98
SI-007,SI-007.png,5.532,PNG,"(216, 432)",2.0,,44.84
SI-008,SI-008.png,9.853,PNG,"(216, 540)",2.5,,76.41
SI-009,SI-009.png,5.364,PNG,"(648, 216)",0.33,,8.72
SI-010,SI-010.png,7.098,PNG,"(216, 540)",2.5,,38.51
SI-011,SI-011.svg,4.176,SVG,"(1890, 3780)",2.0,,14
SI-012,SI-012.svg,0.205,SVG,"(600, 1000)",1.67,,4
SI-013,SI-013.svg,10.422,SVG,"(400, 1000)",2.5,,20
SI-014,SI-014.png,5.437,PNG,"(216, 540)",2.5,,48.29
SI-015,SI-015.png,5.352,PNG,"(216, 540)",2.5,,31.0
SI-016,SI-016.png,2.652,PNG,"(432, 216)",0.5,,37.39
SI-017,SI-017.svg,26.633,SVG,"(378, 756)",2.0,,100
SI-018,SI-018.png,2.82,PNG,"(216, 540)",2.5,,8.88
SI-019,SI-019.png,10.434,PNG,"(720, 216)",0.3,,15.33
SI-020,SI-020.png,6.073,PNG,"(216, 540)",2.5,,25.22
SI-021,SI-021.png,7.435,PNG,"(216, 540)",2.5,,47.29
SI-022,SI-022.svg,0.478,SVG,"(500, 1250)",2.5,,6
SI-023,SI-023.svg,37.114,SVG,"(320, 800)",2.5,,12
SI-024,SI-024.png,4.121,PNG,"(216, 432)",2.0,,27.2
SI-025,SI-025.png,1.351,PNG,"(216, 432)",2.0,,58.71
SI-026,SI-026.svg,46.169,SVG,"(600, 1200)",2.0,,100
SI-027,SI-027.svg,6.69,SVG,"(312, 779)",2.5,,36
SI-028,SI-028.png,3.937,PNG,"(216, 432)",2.0,,9.37
SI-029,SI-029.svg,33.508,SVG,"(450, 900)",2.0,,78
SI-030,SI-030.svg,24.865,SVG,"(400, 1000)",2.5,,100
SI-031,SI-031.png,6.08,PNG,"(216, 540)",2.5,,49.77
SI-032,SI-032.svg,7.248,SVG,"(500, 1000)",2.0,,18
SI-033,SI-033.svg,81.198,SVG,"(1512, 3780)",2.5,,100
SI-034,SI-034.svg,8.32,SVG,"(378, 945)",2.5,,14
SI-035,SI-035.png,7.249,PNG,"(216, 540)",2.5,,42.45
SI-036,SI-036.svg,1.017,SVG,"(340, 682)",2.01,,6
SI-037,SI-037.png,5.746,PNG,"(216, 540)",2.5,,82.08
SI-038,SI-038.png,5.717,PNG,"(648, 216)",0.33,,25.7
SI-039,SI-039.png,3.198,PNG,"(216, 432)",2.0,,15.05
SI-040,SI-040.svg,26.659,SVG,"(400, 800)",2.0,,100
SI-041,SI-041.svg,5.278,SVG,"(1890, 3780)",2.0,,6
SI-042,SI-042.png,4.083,PNG,"(216, 456)",2.11,,35.56
SI-043,SI-043.svg,121.354,SVG,"(1890, 3780)",2.0,,100
SI-044,SI-044.png,7.691,PNG,"(216, 432)",2.0,,80.04
SI-045,SI-045.png,8.822,PNG,"(216, 540)",2.5,,54.97
SI-046,SI-046.png,6.582,PNG,"(216, 540)",2.5,,36.27
SI-047,SI-047.svg,1.774,SVG,"(400, 1000)",2.5,,6
SI-048,SI-048.svg,55.204,SVG,"(300, 600)",2.0,,100
SI-049,SI-049.png,4.494,PNG,"(216, 432)",2.0,,34.53
SI-050,SI-050.svg,44.231,SVG,"(1890, 3780)",2.0,,26
SI-051,SI-051.png,4.602,PNG,"(216, 432)",2.0,,35.31
SI-052,SI-052.svg,41.667,SVG,"(1890, 3780)",2.0,,32
SI-053,SI-053.png,6.722,PNG,"(216, 540)",2.5,,57.78
SI-054,SI-054.png,5.931,PNG,"(432, 216)",0.5,,24.61
SI-055,SI-055.png,4.73,PNG,"(216, 432)",2.0,,39.5
SI-056,SI-056.png,7.442,PNG,"(216, 540)",2.5,,49.98
SI-057,SI-057.svg,126.525,SVG,"(1622, 667)",0.41,,100
SI-058,SI-058.png,3.633,PNG,"(648, 216)",0.33,,15.09
SI-059,SI-059.png,3.401,PNG,"(648, 216)",0.33,,26.3
SI-060,SI-060.png,6.036,PNG,"(216, 540)",2.5,,70.74
SI-061,SI-061.svg,64.192,SVG,"(480, 1200)",2.5,,92
SI-062,SI-062.png,5.352,PNG,"(216, 540)",2.5,,57.49
SI-063,SI-063.png,8.477,PNG,"(216, 648)",3.0,,50.8
SI-064,SI-064.png,4.266,PNG,"(216, 540)",2.5,,65.31
SI-065,SI-065.png,6.41,PNG,"(373, 216)",0.58,,64.09
SI-066,SI-066.png,7.102,PNG,"(216, 648)",3.0,,25.34
SI-067,SI-067.png,7.061,PNG,"(216, 540)",2.5,,39.86
SI-068,SI-068.png,7.481,PNG,"(216, 540)",2.5,,54.61
SI-069,SI-069.svg,69.376,SVG,"(320, 800)",2.5,,100
SI-070,SI-070.svg,165.13,SVG,"(1000, 2000)",2.0,,20
SI-071,SI-071.svg,17.841,SVG,"(243, 486)",2.0,,62
SI-072,SI-072.png,4.891,PNG,"(648, 216)",0.33,,14.51
SI-073,SI-073.png,2.192,PNG,"(216, 432)",2.0,,26.08
SI-074,SI-074.png,3.854,PNG,"(380, 216)",0.57,,32.32
SI-075,SI-075.png,0.45,PNG,"(216, 432)",2.0,,1.61
SI-076,SI-076.png,2.064,PNG,"(216, 540)",2.5,,35.51
SI-077,SI-077.png,7.947,PNG,"(216, 540)",2.5,,49.83
SI-078,SI-078.png,4.256,PNG,"(216, 384)",1.78,,6.03
SI-079,SI-079.png,3.346,PNG,"(216, 540)",2.5,,19.54
SI-080,SI-080.svg,3.04,SVG,"(378, 1134)",3.0,,16
SI-081,SI-081.png,8.325,PNG,"(216, 540)",2.5,,76.08
SI-082,SI-082.svg,21.319,SVG,"(378, 756)",2.0,,60
SI-083,SI-083.png,8.155,PNG,"(216, 540)",2.5,,54.63
SI-084,SI-084.png,2.353,PNG,"(216, 432)",2.0,,1.01
SI-085,SI-085.svg,168.934,SVG,"(400, 1000)",2.5,,100
SI-086,SI-086.png,2.572,PNG,"(216, 432)",2.0,,3.51
SI-087,SI-087.png,4.129,PNG,"(216, 540)",2.5,,45.13
SI-088,SI-088.png,4.287,PNG,"(216, 432)",2.0,,4.92
SI-089,SI-089.png,7.16,PNG,"(432, 216)",0.5,,100
SI-090,SI-090.svg,35.99,SVG,"(1890, 3780)",2.0,,100
SI-091,SI-091.png,11.071,PNG,"(216, 540)",2.5,,79.16
SI-092,SI-092.png,7.885,PNG,"(216, 540)",2.5,,43.06
SI-093,SI-093.png,11.394,PNG,"(216, 540)",2.5,,67.73
SI-094,SI-094.svg,118.578,SVG,"(1512, 3780)",2.5,,26
SI-095,SI-095.png,2.507,PNG,"(216, 432)",2.0,,27.74
SI-096,SI-096.svg,18.502,SVG,"(1890, 3780)",2.0,,10
SI-097,SI-097.png,5.595,PNG,"(432, 216)",0.5,,49.16
SI-098,SI-098.png,5.785,PNG,"(216, 540)",2.5,,46.26
SI-099,SI-099.svg,31.104,SVG,"(500, 1000)",2.0,,68
SI-100,SI-100.png,4.347,PNG,"(216, 432)",2.0,,32.01
SI-101,SI-101.png,3.854,PNG,"(432, 216)",0.5,,36.95
SI-102,SI-102.png,5.487,PNG,"(216, 432)",2.0,,43.43
SI-103,SI-103.png,1.092,PNG,"(216, 432)",2.0,,18.43
SI-104,SI-104.svg,10.669,SVG,"(378, 756)",2.0,,10
SI-105,SI-105.png,10.35,PNG,"(216, 540)",2.5,,79.49
SI-106,SI-106.svg,18.331,SVG,"(378, 945)",2.5,,34
SI-107,SI-107.png,6.599,PNG,"(216, 540)",2.5,,24.3
SI-108,SI-108.svg,26.707,SVG,"(378, 756)",2.0,,92
SI-109,SI-109.svg,7.05,SVG,"(378, 945)",2.5,,32
SI-110,SI-110.png,2.782,PNG,"(648, 216)",0.33,,100
SI-111,SI-111.png,6.216,PNG,"(431, 215)",0.5,,53.48
SI-112,SI-112.png,2.076,PNG,"(216, 432)",2.0,,34.05
SI-113,SI-113.png,3.34,PNG,"(432, 216)",0.5,,47.5
SI-114,SI-114.png,1.073,PNG,"(216, 432)",2.0,,9.12
SI-115,SI-115.png,9.671,PNG,"(216, 432)",2.0,,100
SI-116,SI-116.png,9.485,PNG,"(482, 216)",0.45,,38.71
SI-117,SI-117.png,6.747,PNG,"(216, 432)",2.0,,38.88
SI-118,SI-118.png,4.442,PNG,"(216, 540)",2.5,,20.92
SI-119,SI-119.png,7.89,PNG,"(216, 540)",2.5,,56.36
SI-120,SI-120.png,3.24,PNG,"(432, 216)",0.5,,79.23
SI-121,SI-121.png,8.253,PNG,"(216, 540)",2.5,,68.71
SI-122,SI-122.svg,0.77,SVG,"(500, 1000)",2.0,,4
SI-123,SI-123.png,5.017,PNG,"(216, 540)",2.5,,33.69
SI-124,SI-124.png,9.62,PNG,"(216, 432)",2.0,,35.54
SI-125,SI-125.svg,2.61,SVG,"(2268, 4535)",2.0,,12
SI-126,SI-126.png,4.893,PNG,"(216, 432)",2.0,,42.91
SI-127,SI-127.png,2.599,PNG,"(216, 540)",2.5,,8.14
SI-128,SI-128.svg,23.214,SVG,"(378, 756)",2.0,,26
SI-129,SI-129.png,0.684,PNG,"(216, 432)",2.0,,2.52
SI-130,SI-130.png,1.589,PNG,"(216, 540)",2.5,,6.01
SI-131,SI-131.png,0.471,PNG,"(216, 540)",2.5,,2.19
SI-132,SI-132.svg,35.03,SVG,"(374, 756)",2.02,,100
SI-133,SI-133.svg,4.085,SVG,"(378, 945)",2.5,,22
SI-134,SI-134.png,7.349,PNG,"(216, 540)",2.5,,44.92
SI-135,SI-135.png,6.438,PNG,"(216, 540)",2.5,,78.43
SI-136,SI-136.png,5.068,PNG,"(216, 432)",2.0,,16.33
SI-137,SI-137.png,5.125,PNG,"(216, 540)",2.5,,29.89
SI-138,SI-138.png,3.281,PNG,"(432, 216)",0.5,,9.44
SI-139,SI-139.png,2.886,PNG,"(648, 216)",0.33,,8.0
SI-140,SI-140.png,3.515,PNG,"(432, 216)",0.5,,6.96
SI-141,SI-141.png,7.826,PNG,"(432, 216)",0.5,,86.89
SI-142,SI-142.png,4.555,PNG,"(432, 216)",0.5,,14.32
SI-143,SI-143.png,4.731,PNG,"(216, 540)",2.5,,43.93
SI-144,SI-144.png,4.803,PNG,"(432, 216)",0.5,,10.8
SI-146,SI-146.png,4.741,PNG,"(216, 432)",2.0,,32.74
SI-147,SI-147.svg,17.983,SVG,"(378, 945)",2.5,,70
SI-148,SI-148.png,4.454,PNG,"(432, 216)",0.5,,40.94
SI-149,SI-149.png,5.935,PNG,"(432, 216)",0.5,,57.82
SI-150,SI-150.svg,225.543,SVG,"(400, 1000)",2.5,,100
SI-151,SI-151.svg,23.637,SVG,"(1890, 3780)",2.0,,16
SI-152,SI-152.png,4.416,PNG,"(216, 540)",2.5,,30.37
SI-153,SI-153.png,4.78,PNG,"(324, 216)",0.67,,49.96
SI-154,SI-154.png,8.765,PNG,"(216, 540)",2.5,,66.56
SI-155,SI-155.png,6.619,PNG,"(216, 540)",2.5,,46.8
SI-156,SI-156.png,2.626,PNG,"(216, 432)",2.0,,20.57
SI-157,SI-157.png,3.918,PNG,"(216, 540)",2.5,,1.91
SI-158,SI-158.svg,34.017,SVG,"(500, 1000)",2.0,,100
SI-159,SI-159.png,9.784,PNG,"(216, 540)",2.5,,63.05
SI-160,SI-160.svg,54.283,SVG,"(400, 133)",0.33,,100
SI-161,SI-161.png,4.559,PNG,"(216, 540)",2.5,,27.12
SI-162,SI-162.png,4.189,PNG,"(216, 540)",2.5,,22.68
SI-163,SI-163.svg,105.89,SVG,"(564, 1333)",2.36,,46
SI-164,SI-164.png,7.089,PNG,"(216, 540)",2.5,,70.28
SI-165,SI-165.png,3.899,PNG,"(216, 432)",2.0,,27.86
SI-166,SI-166.png,5.033,PNG,"(216, 540)",2.5,,27.71
SI-167,SI-167.svg,13.336,SVG,"(379, 945)",2.49,,18
SI-168,SI-168.svg,68.721,SVG,"(378, 945)",2.5,,94
SI-169,SI-169.png,3.889,PNG,"(216, 432)",2.0,,25.7
SI-170,SI-170.png,6.942,PNG,"(216, 540)",2.5,,10.9
SI-171,SI-171.png,7.6,PNG,"(216, 540)",2.5,,65.69
SI-172,SI-172.svg,9.397,SVG,"(378, 945)",2.5,,24
SI-173,SI-173.png,3.564,PNG,"(216, 540)",2.5,,49.13
SI-174,SI-174.png,4.075,PNG,"(216, 540)",2.5,,43.5
SI-175,SI-175.png,2.509,PNG,"(216, 520)",2.41,,4.5
SI-176,SI-176.png,7.419,PNG,"(216, 540)",2.5,,44.56
SI-177,SI-177.png,7.659,PNG,"(216, 540)",2.5,,62.71
SI-178,SI-178.png,2.846,PNG,"(216, 432)",2.0,,18.45
SI-179,SI-179.png,7.47,PNG,"(216, 432)",2.0,,11.9
SI-180,SI-180.png,7.642,PNG,"(216, 540)",2.5,,50.57
SI-181,SI-181.png,7.27,PNG,"(216, 540)",2.5,,27.98
SI-182,SI-182.png,3.278,PNG,"(216, 540)",2.5,,25.58
SI-183,SI-183.png,3.025,PNG,"(648, 216)",0.33,,6.86
SI-184,SI-184.png,2.62,PNG,"(216, 432)",2.0,,30.8
SI-185,SI-185.png,5.465,PNG,"(216, 540)",2.5,,39.69
SI-186,SI-186.png,5.947,PNG,"(216, 432)",2.0,,35.21
SI-187,SI-187.svg,500.167,SVG,"(268, 663)",2.47,,100
SI-188,SI-188.png,8.824,PNG,"(216, 540)",2.5,,94.48
SI-189,SI-189.png,11.409,PNG,"(648, 216)",0.33,,10.92
SI-190,SI-190.png,2.651,PNG,"(432, 216)",0.5,,4.58
SI-191,SI-191.png,7.447,PNG,"(216, 540)",2.5,,32.96
SI-192,SI-192.svg,3.844,SVG,"(500, 1000)",2.0,,12
SI-193,SI-193.png,4.301,PNG,"(216, 540)",2.5,,26.28
SI-194,SI-194.png,12.502,PNG,"(216, 540)",2.5,,88.05
SI-195,SI-195.png,6.966,PNG,"(216, 540)",2.5,,29.84
SI-196,SI-196.png,4.074,PNG,"(216, 540)",2.5,,21.91
SI-197,SI-197.png,4.882,PNG,"(216, 432)",2.0,,35.59
SI-198,SI-198.png,2.815,PNG,"(216, 540)",2.5,,0.39
SI-199,SI-199.png,3.405,PNG,"(540, 216)",0.4,,63.71
SI-200,SI-200.svg,30.035,SVG,"(1512, 3780)",2.5,,100
SI-201,SI-201.png,4.141,PNG,"(432, 216)",0.5,,28.05
SI-202,SI-202.png,5.537,PNG,"(432, 216)",0.5,,38.18
SI-203,SI-203.png,3.748,PNG,"(216, 432)",2.0,,12.0
SI-204,SI-204.svg,26.333,SVG,"(500, 1000)",2.0,,54
SI-205,SI-205.png,6.46,PNG,"(216, 540)",2.5,,52.92
SI-206,SI-206.svg,5.971,SVG,"(400, 1000)",2.5,,14
SI-207,SI-207.png,4.968,PNG,"(216, 432)",2.0,,12.78
SI-208,SI-208.svg,14.819,SVG,"(1512, 3780)",2.5,,46
SI-209,SI-209.png,5.675,PNG,"(540, 216)",0.4,,34.32
SI-210,SI-210.png,7.699,PNG,"(216, 432)",2.0,,32.81
SI-211,SI-211.svg,36.827,SVG,"(383, 945)",2.47,,100
SI-212,SI-212.png,9.476,PNG,"(216, 432)",2.0,,47.45
SI-213,SI-213.svg,1.918,SVG,"(600, 1000)",1.67,,12
SK-BC,SK-BC.svg,0.451,SVG,"(400, 600)",1.5,,6
SK-BL,SK-BL.svg,0.447,SVG,"(400, 600)",1.5,,6
SK-KI,SK-KI.svg,0.438,SVG,"(400, 600)",1.5,,6
SK-NI,SK-NI.svg,0.438,SVG,"(400, 600)",1.5,,6
SK-PV,SK-PV.svg,0.324,SVG,"(600, 900)",1.5,,8
SK-TA,SK-TA.svg,0.262,SVG,"(450, 675)",1.5,,4
SK-TC,SK-TC.svg,0.285,SVG,"(600, 900)",1.5,,6
SK-ZI,SK-ZI.svg,0.329,SVG,"(600, 900)",1.5,,8
SM-01,SM-01.svg,11.389,SVG,"(851, 1281)",1.51,,24
SM-02,SM-02.svg,199.713,SVG,"(201, 300)",1.49,,52
SM-03,SM-03.svg,192.308,SVG,"(201, 300)",1.49,,100
SM-04,SM-04.svg,116.129,SVG,"(201, 300)",1.49,,100
SM-05,SM-05.svg,111.876,SVG,"(201, 300)",1.49,,100
SM-06,SM-06.svg,235.927,SVG,"(201, 300)",1.49,,100
SM-07,SM-07.svg,52.489,SVG,"(600, 900)",1.5,,52
SM-08,SM-08.svg,194.327,SVG,"(201, 300)",1.49,,100
SM-09,SM-09.svg,28.812,SVG,"(180, 270)",1.5,,100
SO-BK,SO-BK.svg,3.794,SVG,"(854, 1280)",1.5,,8
SO-BN,SO-BN.svg,41.436,SVG,"(817, 1251)",1.53,,100
SO-BR,SO-BR.svg,3.084,SVG,"(960, 1920)",2.0,,8
SO-BY,SO-BY.svg,11.224,SVG,"(400, 600)",1.5,,34
SO-GA,SO-GA.svg,3.427,SVG,"(241, 390)",1.62,,8
SO-GE,SO-GE.png,19.12,PNG,"(527, 878)",1.67,,5.55
SO-HI,SO-HI.svg,10.743,SVG,"(400, 600)",1.5,,18
SO-JD,SO-JD.svg,26.592,SVG,"(630, 1020)",1.62,,40
SO-JH,SO-JH.svg,29.6,SVG,"(597, 965)",1.62,,58
SO-MU,SO-MU.svg,0.457,SVG,"(400, 600)",1.5,,6
SO-NU,SO-NU.svg,3.933,SVG,"(600, 900)",1.5,,18
SO-SD,SO-SD.svg,12.977,SVG,"(300, 450)",1.5,,100
SO-SH,SO-SH.svg,3.362,SVG,"(2998, 4497)",1.5,,12
SS-BN,SS-BN.png,56.849,PNG,"(360, 540)",1.5,,70.34
SS-BW,SS-BW.png,54.596,PNG,"(360, 540)",1.5,,9.76
SS-EC,SS-EC.png,8.072,PNG,"(180, 275)",1.53,,48.31
SS-EE,SS-EE.png,15.653,PNG,"(180, 365)",2.03,,44.08
SS-EW,SS-EW.png,25.577,PNG,"(180, 275)",1.53,,31.97
SS-JG,SS-JG.png,42.18,PNG,"(216, 324)",1.5,,80.31
SS-LK,SS-LK.png,65.946,PNG,"(360, 540)",1.5,,54.92
SS-NU,SS-NU.png,20.065,PNG,"(360, 540)",1.5,,10.54
SS-UY,SS-UY.png,29.882,PNG,"(360, 540)",1.5,,19.88
SS-WR,SS-WR.png,46.59,PNG,"(360, 540)",1.5,,52.02
ST-01,ST-01.png,5.393,PNG,"(216, 325)",1.5,,10.62
ST-02,ST-02.png,55.789,PNG,"(960, 1440)",1.5,,2.92
ST-05,ST-05.png,7.482,PNG,"(220, 293)",1.33,,66.19
ST-06,ST-06.png,13.614,PNG,"(216, 360)",1.67,,20.34
ST-P,ST-P.svg,144.441,SVG,"(1042, 2100)",2.02,,0
SV-AH,SV-AH.png,1154.489,PNG,"(6000, 10036)",1.67,,2.34
SV-CA,SV-CA.svg,1.761,SVG,"(217, 363)",1.67,,6
SV-CH,SV-CH.svg,1.272,SVG,"(614, 1143)",1.86,,12
SV-CU,SV-CU.png,6.34,PNG,"(217, 363)",1.67,,15.09
SV-LI,SV-LI.svg,0.264,SVG,"(540, 900)",1.67,,6
SV-MO,SV-MO.svg,8.102,SVG,"(614, 1023)",1.67,,58
SV-PA,SV-PA.jpg,2357.354,JPG,"(4027, 8512)",2.11,,0.32
SV-SA,SV-SA.svg,242.511,SVG,"(3000, 5000)",1.67,,100
SV-SM,SV-SM.png,5.457,PNG,"(217, 363)",1.67,,15.0
SV-SO,SV-SO.png,25.829,PNG,"(368, 688)",1.87,,19.81
SV-SS,SV-SS.png,96.304,PNG,"(1890, 3350)",1.77,,4.51
SV-SV,SV-SV.svg,18.834,SVG,"(614, 1023)",1.67,,100
SV-UN,SV-UN.svg,17.518,SVG,"(323, 516)",1.6,,94
SV-US,SV-US.svg,24.171,SVG,"(709, 1063)",1.5,,54
TH-10,TH-10.svg,160.319,SVG,"(600, 900)",1.5,,100
TH-11,TH-11.svg,487.175,SVG,"(3000, 4500)",1.5,,100
TH-12,TH-12.svg,219.567,SVG,"(90, 135)",1.5,,100
TH-13,TH-13.svg,28.428,SVG,"(380, 540)",1.42,,100
TH-14,TH-14.svg,42.753,SVG,"(1, 1500)",1500.0,,100
TH-15,TH-15.svg,325.965,SVG,"(4000, 6000)",1.5,,100
TH-16,TH-16.png,1444.608,PNG,"(4000, 6000)",1.5,,2.86
TH-17,TH-17.png,800.126,PNG,"(2000, 3000)",1.5,,3.16
TH-18,TH-18.svg,1337.28,SVG,"(400, 600)",1.5,,100
TH-19,TH-19.svg,3239.683,SVG,"(2268, 3402)",1.5,,100
TH-20,TH-20.svg,5873.297,SVG,"(3000, 4500)",1.5,,100
TH-21,TH-21.svg,299.191,SVG,"(600, 900)",1.5,,88
TH-22,TH-22.svg,44.877,SVG,"(600, 900)",1.5,,92
TH-23,TH-23.png,991.787,PNG,"(4000, 6000)",1.5,,2.91
TH-24,TH-24.png,36.35,PNG,"(191, 287)",1.5,,54.32
TH-25,TH-25.svg,962.793,SVG,"(1701, 2551)",1.5,,100
TH-26,TH-26.svg,115.561,SVG,"(600, 900)",1.5,,46
TH-27,TH-27.svg,558.768,SVG,"(600, 900)",1.5,,6
TH-30,TH-30.png,1792.046,PNG,"(4000, 6000)",1.5,,4.49
TH-31,TH-31.png,900.935,PNG,"(1200, 1800)",1.5,,2.44
TH-32,TH-32.png,37.13,PNG,"(177, 266)",1.5,,82.0
TH-33,TH-33.svg,196.006,SVG,"(600, 900)",1.5,,66
TH-34,TH-34.svg,155.127,SVG,"(1701, 2551)",1.5,,100
TH-35,TH-35.svg,132.254,SVG,"(600, 900)",1.5,,28
TH-36,TH-36.png,30.031,PNG,"(177, 266)",1.5,,100
TH-37,TH-37.png,900.286,PNG,"(1200, 1800)",1.5,,8.78
TH-38,TH-38.png,128.937,PNG,"(540, 840)",1.56,,9.98
TH-39,TH-39.png,34.875,PNG,"(177, 266)",1.5,,81.87
TH-40,TH-40.png,38.519,PNG,"(177, 266)",1.5,,61.26
TH-41,TH-41.svg,94.007,SVG,"(3000, 4500)",1.5,,100
TH-42,TH-42.svg,80.729,SVG,"(400, 600)",1.5,,40
TH-43,TH-43.svg,3077.753,SVG,"(800, 1200)",1.5,,100
TH-44,TH-44.png,29.535,PNG,"(208, 312)",1.5,,100
TH-45,TH-45.svg,313.77,SVG,"(600, 900)",1.5,,38
TH-46,TH-46.svg,135.323,SVG,"(600, 900)",1.5,,100
TH-47,TH-47.svg,1320.853,SVG,"(3000, 4500)",1.5,,100
TH-48,TH-48.svg,52.681,SVG,"(1500, 2250)",1.5,,100
TH-49,TH-49.png,1912.147,PNG,"(4000, 6000)",1.5,,3.06
TH-50,TH-50.svg,64.865,SVG,"(600, 900)",1.5,,100
TH-51,TH-51.svg,393.786,SVG,"(600, 900)",1.5,,100
TH-52,TH-52.png,634.538,PNG,"(2000, 3000)",1.5,,3.16
TH-53,TH-53.svg,193.667,SVG,"(400, 600)",1.5,,100
TH-54,TH-54.svg,152.691,SVG,"(1500, 2250)",1.5,,100
TH-55,TH-55.svg,44.104,SVG,"(1500, 2250)",1.5,,100
TH-56,TH-56.svg,543.849,SVG,"(6000, 9000)",1.5,,100
TH-57,TH-57.svg,104.922,SVG,"(400, 600)",1.5,,14
TH-58,TH-58.png,3.789,PNG,"(90, 105)",1.17,,78.05
TH-60,TH-60.png,645.806,PNG,"(2000, 3000)",1.5,,2.17
TH-61,TH-61.svg,301.114,SVG,"(3000, 4500)",1.5,,100
TH-62,TH-62.svg,229.119,SVG,"(672, 960)",1.43,,100
TH-63,TH-63.svg,721.47,SVG,"(2000, 3000)",1.5,,100
TH-64,TH-64.svg,223.89,SVG,"(1200, 1800)",1.5,,8
TH-65,TH-65.svg,239.921,SVG,"(6000, 9000)",1.5,,100
TH-66,TH-66.png,35.273,PNG,"(208, 313)",1.5,,100
TH-67,TH-67.svg,315.072,SVG,"(4915, 8192)",1.67,,100
TH-70,TH-70.svg,117.059,SVG,"(3000, 4500)",1.5,,100
TH-71,TH-71.svg,126.767,SVG,"(3000, 6000)",2.0,,100
TH-72,TH-72.png,4606.84,PNG,"(4000, 6000)",1.5,,0.9
TH-73,TH-73.svg,94.075,SVG,"(400, 600)",1.5,,100
TH-74,TH-74.svg,107.015,SVG,"(3000, 4500)",1.5,,100
TH-75,TH-75.png,2357.169,PNG,"(4000, 6000)",1.5,,2.65
TH-76,TH-76.svg,260.175,SVG,"(3000, 4500)",1.5,,100
TH-77,TH-77.svg,113.073,SVG,"(400, 600)",1.5,,14
TH-80,TH-80.svg,271.456,SVG,"(1701, 2551)",1.5,,100
TH-81,TH-81.svg,47.525,SVG,"(600, 900)",1.5,,100
TH-82,TH-82.svg,109.878,SVG,"(3000, 4500)",1.5,,100
TH-83,TH-83.svg,229.883,SVG,"(3000, 4500)",1.5,,100
TH-84,TH-84.svg,824.617,SVG,"(1701, 2551)",1.5,,100
TH-85,TH-85.svg,94.06,SVG,"(2000, 3000)",1.5,,100
TH-86,TH-86.png,46.487,PNG,"(208, 313)",1.5,,69.58
TH-90,TH-90.svg,32.253,SVG,"(3000, 4500)",1.5,,66
TH-91,TH-91.png,41.374,PNG,"(208, 312)",1.5,,95.96
TH-92,TH-92.svg,52.611,SVG,"(600, 900)",1.5,,74
TH-93,TH-93.svg,180.691,SVG,"(3000, 4500)",1.5,,100
TH-94,TH-94.svg,100.36,SVG,"(600, 900)",1.5,,100
TH-95,TH-95.png,41.728,PNG,"(208, 312)",1.5,,96.61
TH-96,TH-96.svg,355.448,SVG,"(600, 900)",1.5,,100
TH-S,TH-S.png,75.417,PNG,"(1000, 1500)",1.5,,43.76
TT-ARI,TT-ARI.png,81.771,PNG,"(360, 600)",1.67,,82.75
TT-CHA,TT-CHA.png,14.131,PNG,"(216, 360)",1.67,,20.73
TT-CTT,TT-CTT.png,84.719,PNG,"(360, 600)",1.67,,27.37
TT-DMN,TT-DMN.png,73.538,PNG,"(360, 600)",1.67,,29.79
TT-MRC,TT-MRC.png,79.201,PNG,"(360, 600)",1.67,,55.19
TT-PED,TT-PED.png,8.938,PNG,"(216, 432)",2.0,,37.23
TT-POS,TT-POS.png,416.262,PNG,"(1333, 2000)",1.5,,1.8
TT-PRT,TT-PRT.png,5.479,PNG,"(213, 350)",1.64,,13.76
TT-PTF,TT-PTF.png,7.286,PNG,"(216, 360)",1.67,,42.84
TT-SFO,TT-SFO.png,9.958,PNG,"(216, 360)",1.67,,100
TT-SGE,TT-SGE.png,11.504,PNG,"(216, 360)",1.67,,100
TT-SIP,TT-SIP.png,10.903,PNG,"(216, 360)",1.67,,67.49
TT-SJL,TT-SJL.png,10.651,PNG,"(216, 360)",1.67,,48.76
TT-TOB,TT-TOB.png,19.354,PNG,"(216, 324)",1.5,,54.37
TT-TUP,TT-TUP.png,6.295,PNG,"(216, 360)",1.67,,56.4
TW-CHA,TW-CHA.svg,48.029,SVG,"(750, 1125)",1.5,,74
TW-CYI,TW-CYI.svg,12.508,SVG,"(600, 900)",1.5,,46
TW-CYQ,TW-CYQ.svg,41.056,SVG,"(600, 900)",1.5,,38
TW-HSQ,TW-HSQ.svg,12.789,SVG,"(600, 900)",1.5,,14
TW-HSZ,TW-HSZ.svg,26.764,SVG,"(750, 1125)",1.5,,44
TW-HUA,TW-HUA.svg,33.074,SVG,"(750, 1125)",1.5,,100
TW-ILA,TW-ILA.svg,56.755,SVG,"(750, 1125)",1.5,,72
TW-KEE,TW-KEE.svg,35.472,SVG,"(750, 1125)",1.5,,62
TW-KHH,TW-KHH.svg,8.507,SVG,"(750, 1125)",1.5,,38
TW-KIN,TW-KIN.svg,19.467,SVG,"(750, 1125)",1.5,,38
TW-LIE,TW-LIE.svg,17.639,SVG,"(302, 454)",1.5,,76
TW-MIA,TW-MIA.svg,11.79,SVG,"(600, 900)",1.5,,50
TW-NAN,TW-NAN.svg,52.488,SVG,"(428, 633)",1.48,,50
TW-NWT,TW-NWT.svg,9.113,SVG,"(600, 900)",1.5,,18
TW-PEN,TW-PEN.svg,25.54,SVG,"(750, 1125)",1.5,,24
TW-PIF,TW-PIF.svg,43.113,SVG,"(600, 900)",1.5,,100
TW-TAO,TW-TAO.svg,10.827,SVG,"(265, 397)",1.5,,24
TW-TNN,TW-TNN.svg,20.493,SVG,"(581, 850)",1.46,,54
TW-TPE,TW-TPE.svg,32.498,SVG,"(800, 1200)",1.5,,100
TW-TTT,TW-TTT.svg,18.627,SVG,"(270, 405)",1.5,,46
TW-TXG,TW-TXG.svg,11.486,SVG,"(272, 408)",1.5,,38
TW-YUN,TW-YUN.svg,18.105,SVG,"(600, 900)",1.5,,82
UA-05,UA-05.svg,24.937,SVG,"(533, 800)",1.5,,70
UA-07,UA-07.svg,0.978,SVG,"(732, 1024)",1.4,,8
UA-09,UA-09.svg,92.564,SVG,"(400, 600)",1.5,,100
UA-12,UA-12.svg,295.76,SVG,"(800, 1200)",1.5,,100
UA-14,UA-14.svg,2.868,SVG,"(600, 900)",1.5,,40
UA-18,UA-18.svg,30.258,SVG,"(533, 800)",1.5,,62
UA-21,UA-21.svg,38.743,SVG,"(800, 1200)",1.5,,100
UA-23,UA-23.svg,120.728,SVG,"(400, 600)",1.5,,88
UA-26,UA-26.svg,16.095,SVG,"(800, 1200)",1.5,,62
UA-30,UA-30.svg,19.532,SVG,"(600, 900)",1.5,,100
UA-32,UA-32.svg,262.347,SVG,"(418, 627)",1.5,,100
UA-35,UA-35.svg,7.843,SVG,"(354, 532)",1.5,,8
UA-40,UA-40.svg,51.739,SVG,"(400, 600)",1.5,,98
UA-43,UA-43.svg,0.262,SVG,"(600, 1200)",2.0,,6
UA-46,UA-46.svg,32.159,SVG,"(400, 600)",1.5,,100
UA-48,UA-48.svg,310.185,SVG,"(1000, 1500)",1.5,,100
UA-51,UA-51.svg,38.073,SVG,"(400, 600)",1.5,,100
UA-53,UA-53.svg,0.286,SVG,"(800, 1200)",1.5,,4
UA-56,UA-56.svg,16.56,SVG,"(300, 450)",1.5,,56
UA-59,UA-59.svg,13.287,SVG,"(400, 600)",1.5,,48
UA-61,UA-61.svg,22.428,SVG,"(800, 1200)",1.5,,100
UA-63,UA-63.svg,90.196,SVG,"(591, 886)",1.5,,100
UA-65,UA-65.svg,29.002,SVG,"(400, 600)",1.5,,70
UA-68,UA-68.svg,29.974,SVG,"(400, 600)",1.5,,50
UA-71,UA-71.svg,63.845,SVG,"(400, 600)",1.5,,100
UA-74,UA-74.svg,26.054,SVG,"(530, 795)",1.5,,100
UA-77,UA-77.svg,23.488,SVG,"(400, 600)",1.5,,88
US-AK,US-AK.svg,1.495,SVG,"(1000, 1416)",1.42,,6
US-AL,US-AL.svg,0.228,SVG,"(400, 600)",1.5,,4
US-AR,US-AR.svg,11.993,SVG,"(300, 450)",1.5,,18
US-AS,US-AS.svg,47.986,SVG,"(500, 1000)",2.0,,100
US-AZ,US-AZ.svg,0.532,SVG,"(600, 900)",1.5,,8
US-CA,US-CA.svg,161.457,SVG,"(600, 900)",1.5,,98
US-CO,US-CO.svg,0.485,SVG,"(1200, 1800)",1.5,,8
US-CT,US-CT.svg,146.042,SVG,"(459, 594)",1.29,,100
US-DC,US-DC.svg,0.684,SVG,"(400, 800)",2.0,,6
US-DE,US-DE.svg,130.667,SVG,"(400, 600)",1.5,,100
US-FL,US-FL.svg,342.696,SVG,"(500, 750)",1.5,,100
US-GA,US-GA.svg,45.653,SVG,"(600, 960)",1.6,,100
US-GU,US-GU.svg,21.559,SVG,"(421, 820)",1.95,,42
US-HI,US-HI.svg,0.685,SVG,"(600, 1200)",2.0,,18
US-IA,US-IA.svg,165.669,SVG,"(477, 714)",1.5,,28
US-ID,US-ID.svg,798.219,SVG,"(433, 550)",1.27,,100
US-IL,US-IL.svg,138.909,SVG,"(360, 600)",1.67,,100
US-IN,US-IN.svg,5.643,SVG,"(400, 600)",1.5,,10
US-KS,US-KS.svg,288.549,SVG,"(300, 500)",1.67,,100
US-KY,US-KY.svg,193.533,SVG,"(500, 950)",1.9,,100
US-LA,US-LA.svg,750.436,SVG,"(4556, 7040)",1.55,,90
US-MA,US-MA.svg,185.14,SVG,"(900, 1500)",1.67,,100
US-MD,US-MD.svg,0.92,SVG,"(500, 750)",1.5,,10
US-ME,US-ME.svg,289.535,SVG,"(4992, 6336)",1.27,,100
US-MI,US-MI.svg,357.964,SVG,"(457, 685)",1.5,,100
US-MN,US-MN.svg,0.526,SVG,"(600, 1000)",1.67,,6
US-MO,US-MO.svg,216.763,SVG,"(1400, 2400)",1.71,,100
US-MP,US-MP.svg,158.614,SVG,"(550, 1100)",2.0,,100
US-MS,US-MS.svg,28.356,SVG,"(720, 1200)",1.67,,14
US-MT,US-MT.svg,149.897,SVG,"(512, 768)",1.5,,58
US-NC,US-NC.svg,15.16,SVG,"(500, 750)",1.5,,90
US-ND,US-ND.svg,285.866,SVG,"(983, 1247)",1.27,,100
US-NE,US-NE.svg,539.099,SVG,"(360, 600)",1.67,,100
US-NH,US-NH.svg,111.498,SVG,"(440, 660)",1.5,,100
US-NJ,US-NJ.svg,194.216,SVG,"(442, 735)",1.66,,100
US-NM,US-NM.svg,0.475,SVG,"(800, 1200)",1.5,,6
US-NV,US-NV.svg,203.742,SVG,"(500, 750)",1.5,,100
US-NY,US-NY.svg,107.713,SVG,"(450, 900)",2.0,,100
US-OH,US-OH.svg,1.76,SVG,"(320, 520)",1.62,,14
US-OK,US-OK.svg,103.501,SVG,"(450, 675)",1.5,,100
US-OR,US-OR.svg,260.354,SVG,"(512, 768)",1.5,,4
US-PA,US-PA.svg,698.407,SVG,"(450, 675)",1.5,,56
US-PR,US-PR.svg,0.29,SVG,"(600, 900)",1.5,,8
US-RI,US-RI.svg,5.89,SVG,"(580, 660)",1.14,,18
US-SC,US-SC.svg,30.121,SVG,"(500, 750)",1.5,,4
US-SD,US-SD.svg,253.668,SVG,"(450, 720)",1.6,,100
US-TN,US-TN.svg,1.016,SVG,"(300, 500)",1.67,,12
US-TX,US-TX.svg,0.714,SVG,"(720, 1080)",1.5,,8
US-UM,US-UM.svg,0.878,SVG,"(650, 1235)",1.9,,8
US-UT,US-UT.svg,2.068,SVG,"(432, 720)",1.67,,22
US-VA,US-VA.svg,545.23,SVG,"(910, 1365)",1.5,,100
US-VI,US-VI.svg,27.58,SVG,"(850, 1275)",1.5,,100
US-VT,US-VT.svg,457.754,SVG,"(480, 800)",1.67,,100
US-WA,US-WA.svg,214.256,SVG,"(658, 1106)",1.68,,100
US-WI,US-WI.svg,439.845,SVG,"(450, 675)",1.5,,100
US-WV,US-WV.svg,883.574,SVG,"(400, 760)",1.9,,100
US-WY,US-WY.svg,232.031,SVG,"(700, 1)",0.0,,100
UY-AR,UY-AR.svg,0.435,SVG,"(600, 900)",1.5,,10
UY-CA,UY-CA.svg,1.865,SVG,"(760, 1140)",1.5,,6
UY-CL,UY-CL.svg,0.303,SVG,"(560, 800)",1.43,,4
UY-CO,UY-CO.svg,20.237,SVG,"(400, 600)",1.5,,100
UY-DU,UY-DU.svg,6.153,SVG,"(600, 900)",1.5,,14
UY-FD,UY-FD.png,8.821,PNG,"(533, 800)",1.5,,7.15
UY-FS,UY-FS.png,37.551,PNG,"(533, 800)",1.5,,4.84
UY-LA,UY-LA.svg,7.369,SVG,"(600, 900)",1.5,,28
UY-MA,UY-MA.png,40.175,PNG,"(533, 800)",1.5,,6.97
UY-MO,UY-MO.png,62.502,PNG,"(360, 540)",1.5,,100
UY-PA,UY-PA.svg,21.38,SVG,"(533, 800)",1.5,,76
UY-RN,UY-RN.svg,246.036,SVG,"(2123, 3184)",1.5,,0
UY-RO,UY-RO.svg,50.658,SVG,"(600, 900)",1.5,,100
UY-RV,UY-RV.png,10.658,PNG,"(533, 800)",1.5,,28.73
UY-SA,UY-SA.svg,101.079,SVG,"(1006, 1501)",1.49,,100
UY-SJ,UY-SJ.svg,3.289,SVG,"(600, 900)",1.5,,20
UY-SO,UY-SO.svg,11.055,SVG,"(600, 900)",1.5,,28
UY-TA,UY-TA.png,83.231,PNG,"(360, 540)",1.5,,48.63
UY-TT,UY-TT.svg,17.158,SVG,"(500, 750)",1.5,,14
UZ-QR,UZ-QR.svg,0.659,SVG,"(600, 1200)",2.0,,16
UZ-TK,UZ-TK.svg,68.023,SVG,"(500, 900)",1.8,,100
VE-A,VE-A.svg,3.556,SVG,"(600, 900)",1.5,,14
VE-B,VE-B.svg,75.151,SVG,"(600, 900)",1.5,,100
VE-C,VE-C.svg,133.953,SVG,"(601, 903)",1.5,,100
VE-D,VE-D.svg,524.716,SVG,"(600, 900)",1.5,,100
VE-E,VE-E.svg,1.35,SVG,"(600, 900)",1.5,,20
VE-F,VE-F.svg,100.576,SVG,"(600, 900)",1.5,,26
VE-G,VE-G.svg,5.129,SVG,"(600, 900)",1.5,,100
VE-H,VE-H.svg,6.146,SVG,"(600, 900)",1.5,,18
VE-I,VE-I.svg,11.072,SVG,"(600, 900)",1.5,,14
VE-J,VE-J.svg,80.999,SVG,"(600, 900)",1.5,,100
VE-K,VE-K.svg,6.039,SVG,"(600, 900)",1.5,,40
VE-L,VE-L.svg,0.639,SVG,"(600, 900)",1.5,,8
VE-M,VE-M.svg,33.308,SVG,"(600, 900)",1.5,,100
VE-N,VE-N.svg,25.347,SVG,"(600, 900)",1.5,,100
VE-O,VE-O.svg,1.858,SVG,"(600, 900)",1.5,,14
VE-P,VE-P.svg,1.317,SVG,"(600, 900)",1.5,,12
VE-R,VE-R.svg,896.527,SVG,"(600, 900)",1.5,,100
VE-S,VE-S.svg,43.04,SVG,"(600, 900)",1.5,,100
VE-T,VE-T.svg,11.387,SVG,"(600, 900)",1.5,,34
VE-U,VE-U.svg,3.461,SVG,"(600, 900)",1.5,,38
VE-V,VE-V.svg,4.652,SVG,"(400, 600)",1.5,,12
VE-W,VE-W.svg,7.716,SVG,"(600, 900)",1.5,,50
VE-X,VE-X.svg,31.338,SVG,"(600, 900)",1.5,,34
VE-Y,VE-Y.svg,639.435,SVG,"(600, 900)",1.5,,100
VE-Z,VE-Z.svg,57.486,SVG,"(600, 900)",1.5,,64
VU-MAP,VU-MAP.svg,1.237,SVG,"(250, 475)",1.9,,16
VU-PAM,VU-PAM.svg,25.007,SVG,"(1302, 2595)",1.99,,20
VU-SAM,VU-SAM.svg,26.859,SVG,"(1312, 1812)",1.38,,42
VU-SEE,VU-SEE.svg,6.617,SVG,"(450, 600)",1.33,,28
VU-TAE,VU-TAE.svg,5.585,SVG,"(1312, 1832)",1.4,,28
VU-TOB,VU-TOB.png,146.379,PNG,"(1300, 1948)",1.5,,21.06
WF-AL,WF-AL.svg,18.545,SVG,"(600, 900)",1.5,,100
WF-SG,WF-SG.svg,36.771,SVG,"(600, 900)",1.5,,100
WF-UV,WF-UV.svg,0.851,SVG,"(600, 900)",1.5,,12
ZA-EC,ZA-EC.png,22.598,PNG,"(350, 530)",1.51,,29.75
ZA-FS,ZA-FS.png,22.4,PNG,"(350, 530)",1.51,,38.02
ZA-GP,ZA-GP.png,19.944,PNG,"(350, 530)",1.51,,26.61
ZA-KZN,ZA-KZN.png,25.433,PNG,"(350, 530)",1.51,,36.99
ZA-LP,ZA-LP.png,24.485,PNG,"(350, 530)",1.51,,39.0
ZA-MP,ZA-MP.svg,2.601,SVG,"(216, 324)",1.5,,10
ZA-NC,ZA-NC.png,22.686,PNG,"(350, 530)",1.51,,29.7
ZA-NW,ZA-NW.png,23.985,PNG,"(350, 530)",1.51,,45.05
ZA-WC,ZA-WC.png,24.797,PNG,"(350, 530)",1.51,,40.19
ZM-01,ZM-01.svg,0.483,SVG,"(400, 600)",1.5,,8
ZM-02,ZM-02.svg,0.347,SVG,"(400, 600)",1.5,,8
ZM-03,ZM-03.svg,0.199,SVG,"(400, 600)",1.5,,4
ZM-04,ZM-04.svg,0.36,SVG,"(600, 600)",1.0,,6
ZM-05,ZM-05.svg,0.252,SVG,"(400, 600)",1.5,,6
ZM-06,ZM-06.svg,0.274,SVG,"(400, 600)",1.5,,6
ZM-07,ZM-07.svg,0.24,SVG,"(400, 600)",1.5,,6
ZM-08,ZM-08.png,21.933,PNG,"(533, 800)",1.5,,0.48
ZM-09,ZM-09.png,18.688,PNG,"(183, 275)",1.5,,100
ZM-10,ZM-10.svg,0.439,SVG,"(400, 600)",1.5,,8
